テストID,テスト区分,平面形状,地盤条件,工法,サンドパイル部の杭長(m),資材計上区分,中詰材材料の単位選択,サンドパイル部の杭径(m),(ホイールローダ)排ガス機械の選択,円周率区分,サンドドレーン部の杭長(m),サンドドレーン部の杭径(m),1本当り中詰材使用量,サンドパイル部の杭径(m),サンドパイル部の杭長(m),サンドドレーン部の杭長(m),サンドドレーン部の杭径(m),期待:S1,期待:S2,期待:S3,期待:S4,期待:S5,期待:S6,期待:S7,期待:S8,期待:S9,期待:S10,選択肢の適切さ確認,規格名計上
TC-001,新規歩掛,普通,N<5 砂質土・粘性土,サンドパイル,任意,施工費+材料費,「m3」単位の材料単価,任意,排ガス未対策型,3.14,-,-,-,-,-,-,-,計算結果が正しいか,計算結果が正しいか,計算結果が正しいか,計算結果が正しいか,計算結果が正しいか,計算結果が正しいか,計算結果が正しいか,計算結果が正しいか,計算結果が正しいか,計算結果が正しいか,"平面形状(全選択肢網羅)
・「普通」と表示されているが、外部設計と正しいか
地盤条件(全選択肢網羅)
・「N<5 砂質土・粘性土」と表示されているが、外部設計と正しいか
工法(全選択肢網羅)
・「サンドパイル」と表示されているが、外部設計と正しいか
資材計上区分(全選択肢網羅)
・「施工費+材料費」と表示されているが、外部設計と正しいか
中詰材材料の単位選択(全選択肢網羅)
・「「m3」単位の材料単価」と表示されているが、外部設計と正しいか
(ホイールローダ)排ガス機械の選択(全選択肢網羅)
・「排ガス未対策型」と表示されているが、外部設計と正しいか
円周率区分(全選択肢網羅)
・「3.14」と表示されているが、外部設計と正しいか","・平面形状 の規格名計上が意図通りの場所に正しく計上されているか
・地盤条件 の規格名計上が意図通りの場所に正しく計上されているか
・工法 の規格名計上が意図通りの場所に正しく計上されているか"
TC-002,新規歩掛,普通,N<5 砂質土・粘性土,サンドパイル,任意,施工費+材料費,「m3」単位以外の材料単価,-,排ガス未対策型,3.14,-,-,任意,-,-,-,-,計算結果が正しいか,計算結果が正しいか,計算結果が正しいか,計算結果が正しいか,計算結果が正しいか,計算結果が正しいか,計算結果が正しいか,計算結果が正しいか,計算結果が正しいか,計算結果が正しいか,"平面形状(全選択肢網羅)
・「普通」と表示されているが、外部設計と正しいか
地盤条件(全選択肢網羅)
・「N<5 砂質土・粘性土」と表示されているが、外部設計と正しいか
工法(全選択肢網羅)
・「サンドパイル」と表示されているが、外部設計と正しいか
資材計上区分(全選択肢網羅)
・「施工費+材料費」と表示されているが、外部設計と正しいか
中詰材材料の単位選択(全選択肢網羅)
・「「m3」単位以外の材料単価」と表示されているが、外部設計と正しいか
(ホイールローダ)排ガス機械の選択(全選択肢網羅)
・「排ガス未対策型」と表示されているが、外部設計と正しいか
円周率区分(全選択肢網羅)
・「3.14」と表示されているが、外部設計と正しいか","・平面形状 の規格名計上が意図通りの場所に正しく計上されているか
・地盤条件 の規格名計上が意図通りの場所に正しく計上されているか
・工法 の規格名計上が意図通りの場所に正しく計上されているか"
TC-003,新規歩掛,普通,N<5 砂質土・粘性土,サンドパイル,任意,施工費のみ,-,-,排ガス未対策型,3.14,-,-,-,-,-,-,-,計算結果が正しいか,計算結果が正しいか,計算結果が正しいか,計算結果が正しいか,計算結果が正しいか,計算結果が正しいか,計算結果が正しいか,計算結果が正しいか,計算結果が正しいか,計算結果が正しいか,"平面形状(全選択肢網羅)
・「普通」と表示されているが、外部設計と正しいか
地盤条件(全選択肢網羅)
・「N<5 砂質土・粘性土」と表示されているが、外部設計と正しいか
工法(全選択肢網羅)
・「サンドパイル」と表示されているが、外部設計と正しいか
資材計上区分(全選択肢網羅)
・「施工費のみ」と表示されているが、外部設計と正しいか
(ホイールローダ)排ガス機械の選択(全選択肢網羅)
・「排ガス未対策型」と表示されているが、外部設計と正しいか
円周率区分(全選択肢網羅)
・「3.14」と表示されているが、外部設計と正しいか","・平面形状 の規格名計上が意図通りの場所に正しく計上されているか
・地盤条件 の規格名計上が意図通りの場所に正しく計上されているか
・工法 の規格名計上が意図通りの場所に正しく計上されているか"
TC-004,新規歩掛,普通,N<5 砂質土・粘性土,サンドドレーン,-,施工費+材料費,「m3」単位の材料単価,-,排ガス未対策型,3.14,任意,任意,-,-,-,-,-,計算結果が正しいか,計算結果が正しいか,計算結果が正しいか,計算結果が正しいか,計算結果が正しいか,計算結果が正しいか,計算結果が正しいか,計算結果が正しいか,計算結果が正しいか,計算結果が正しいか,"平面形状(全選択肢網羅)
・「普通」と表示されているが、外部設計と正しいか
地盤条件(全選択肢網羅)
・「N<5 砂質土・粘性土」と表示されているが、外部設計と正しいか
工法(全選択肢網羅)
・「サンドドレーン」と表示されているが、外部設計と正しいか
資材計上区分(全選択肢網羅)
・「施工費+材料費」と表示されているが、外部設計と正しいか
中詰材材料の単位選択(全選択肢網羅)
・「「m3」単位の材料単価」と表示されているが、外部設計と正しいか
(ホイールローダ)排ガス機械の選択(全選択肢網羅)
・「排ガス未対策型」と表示されているが、外部設計と正しいか
円周率区分(全選択肢網羅)
・「3.14」と表示されているが、外部設計と正しいか","・平面形状 の規格名計上が意図通りの場所に正しく計上されているか
・地盤条件 の規格名計上が意図通りの場所に正しく計上されているか
・工法 の規格名計上が意図通りの場所に正しく計上されているか"
TC-005,新規歩掛,普通,N<5 砂質土・粘性土,サンドドレーン,-,施工費+材料費,「m3」単位以外の材料単価,-,排ガス未対策型,3.14,任意,-,任意,-,-,-,-,計算結果が正しいか,計算結果が正しいか,計算結果が正しいか,計算結果が正しいか,計算結果が正しいか,計算結果が正しいか,計算結果が正しいか,計算結果が正しいか,計算結果が正しいか,計算結果が正しいか,"平面形状(全選択肢網羅)
・「普通」と表示されているが、外部設計と正しいか
地盤条件(全選択肢網羅)
・「N<5 砂質土・粘性土」と表示されているが、外部設計と正しいか
工法(全選択肢網羅)
・「サンドドレーン」と表示されているが、外部設計と正しいか
資材計上区分(全選択肢網羅)
・「施工費+材料費」と表示されているが、外部設計と正しいか
中詰材材料の単位選択(全選択肢網羅)
・「「m3」単位以外の材料単価」と表示されているが、外部設計と正しいか
(ホイールローダ)排ガス機械の選択(全選択肢網羅)
・「排ガス未対策型」と表示されているが、外部設計と正しいか
円周率区分(全選択肢網羅)
・「3.14」と表示されているが、外部設計と正しいか","・平面形状 の規格名計上が意図通りの場所に正しく計上されているか
・地盤条件 の規格名計上が意図通りの場所に正しく計上されているか
・工法 の規格名計上が意図通りの場所に正しく計上されているか"
TC-006,新規歩掛,普通,N<5 砂質土・粘性土,サンドドレーン,-,施工費のみ,-,-,排ガス未対策型,3.14,任意,-,-,-,-,-,-,計算結果が正しいか,計算結果が正しいか,計算結果が正しいか,計算結果が正しいか,計算結果が正しいか,計算結果が正しいか,計算結果が正しいか,計算結果が正しいか,計算結果が正しいか,計算結果が正しいか,"平面形状(全選択肢網羅)
・「普通」と表示されているが、外部設計と正しいか
地盤条件(全選択肢網羅)
・「N<5 砂質土・粘性土」と表示されているが、外部設計と正しいか
工法(全選択肢網羅)
・「サンドドレーン」と表示されているが、外部設計と正しいか
資材計上区分(全選択肢網羅)
・「施工費のみ」と表示されているが、外部設計と正しいか
(ホイールローダ)排ガス機械の選択(全選択肢網羅)
・「排ガス未対策型」と表示されているが、外部設計と正しいか
円周率区分(全選択肢網羅)
・「3.14」と表示されているが、外部設計と正しいか","・平面形状 の規格名計上が意図通りの場所に正しく計上されているか
・地盤条件 の規格名計上が意図通りの場所に正しく計上されているか
・工法 の規格名計上が意図通りの場所に正しく計上されているか"
TC-007,新規歩掛,普通,N<5 砂質土・粘性土,サンドパイル+サンドドレーン,-,施工費+材料費,「m3」単位の材料単価,-,排ガス未対策型,3.14,-,-,-,(値なし),(値なし),(値なし),(値なし),計算結果が正しいか,計算結果が正しいか,計算結果が正しいか,0E-9,計算結果が正しいか,計算結果が正しいか,計算結果が正しいか,計算結果が正しいか,計算結果が正しいか,計算結果が正しいか,"平面形状(全選択肢網羅)
・「普通」と表示されているが、外部設計と正しいか
地盤条件(全選択肢網羅)
・「N<5 砂質土・粘性土」と表示されているが、外部設計と正しいか
工法(全選択肢網羅)
・「サンドパイル+サンドドレーン」と表示されているが、外部設計と正しいか
資材計上区分(全選択肢網羅)
・「施工費+材料費」と表示されているが、外部設計と正しいか
中詰材材料の単位選択(全選択肢網羅)
・「「m3」単位の材料単価」と表示されているが、外部設計と正しいか
(ホイールローダ)排ガス機械の選択(全選択肢網羅)
・「排ガス未対策型」と表示されているが、外部設計と正しいか
円周率区分(全選択肢網羅)
・「3.14」と表示されているが、外部設計と正しいか","・平面形状 の規格名計上が意図通りの場所に正しく計上されているか
・地盤条件 の規格名計上が意図通りの場所に正しく計上されているか
・工法 の規格名計上が意図通りの場所に正しく計上されているか"
TC-008,新規歩掛,普通,N<5 砂質土・粘性土,サンドパイル+サンドドレーン,-,施工費+材料費,「m3」単位以外の材料単価,-,排ガス未対策型,3.14,-,-,任意,-,(値なし),(値なし),-,計算結果が正しいか,計算結果が正しいか,計算結果が正しいか,計算結果が正しいか,計算結果が正しいか,計算結果が正しいか,計算結果が正しいか,計算結果が正しいか,計算結果が正しいか,計算結果が正しいか,"平面形状(全選択肢網羅)
・「普通」と表示されているが、外部設計と正しいか
地盤条件(全選択肢網羅)
・「N<5 砂質土・粘性土」と表示されているが、外部設計と正しいか
工法(全選択肢網羅)
・「サンドパイル+サンドドレーン」と表示されているが、外部設計と正しいか
資材計上区分(全選択肢網羅)
・「施工費+材料費」と表示されているが、外部設計と正しいか
中詰材材料の単位選択(全選択肢網羅)
・「「m3」単位以外の材料単価」と表示されているが、外部設計と正しいか
(ホイールローダ)排ガス機械の選択(全選択肢網羅)
・「排ガス未対策型」と表示されているが、外部設計と正しいか
円周率区分(全選択肢網羅)
・「3.14」と表示されているが、外部設計と正しいか","・平面形状 の規格名計上が意図通りの場所に正しく計上されているか
・地盤条件 の規格名計上が意図通りの場所に正しく計上されているか
・工法 の規格名計上が意図通りの場所に正しく計上されているか"
TC-009,新規歩掛,普通,N<5 砂質土・粘性土,サンドパイル+サンドドレーン,-,施工費のみ,-,-,排ガス未対策型,3.14,-,-,-,-,(値なし),(値なし),-,計算結果が正しいか,計算結果が正しいか,計算結果が正しいか,計算結果が正しいか,計算結果が正しいか,計算結果が正しいか,計算結果が正しいか,計算結果が正しいか,計算結果が正しいか,計算結果が正しいか,"平面形状(全選択肢網羅)
・「普通」と表示されているが、外部設計と正しいか
地盤条件(全選択肢網羅)
・「N<5 砂質土・粘性土」と表示されているが、外部設計と正しいか
工法(全選択肢網羅)
・「サンドパイル+サンドドレーン」と表示されているが、外部設計と正しいか
資材計上区分(全選択肢網羅)
・「施工費のみ」と表示されているが、外部設計と正しいか
(ホイールローダ)排ガス機械の選択(全選択肢網羅)
・「排ガス未対策型」と表示されているが、外部設計と正しいか
円周率区分(全選択肢網羅)
・「3.14」と表示されているが、外部設計と正しいか","・平面形状 の規格名計上が意図通りの場所に正しく計上されているか
・地盤条件 の規格名計上が意図通りの場所に正しく計上されているか
・工法 の規格名計上が意図通りの場所に正しく計上されているか"
