テストID,テスト区分,作業区分,作業内容,資材計上区分,購入土計上区分,期待:S1(普通作業員),期待:S2(土砂),期待:S3(土のう),選択肢の適切さ確認,規格名計上
TC-001,新規歩掛,17,仕拵・積立・撤去,材料費+施工費,計上する,○,○,○,"作業区分(全選択肢網羅)
・「17」と表示されているが、外部設計と正しいか
作業内容(全選択肢網羅)
・「仕拵・積立・撤去」と表示されているが、外部設計と正しいか
資材計上区分(全選択肢網羅)
・「材料費+施工費」と表示されているが、外部設計と正しいか
購入土計上区分(全選択肢網羅)
・「計上する」と表示されているが、外部設計と正しいか","・作業区分 の規格名計上が意図通りの場所に正しく計上されているか
・作業内容 の規格名計上が意図通りの場所に正しく計上されているか"
TC-002,新規歩掛,17,仕拵・積立・撤去,材料費+施工費,計上しない,○,○,○,"作業区分(全選択肢網羅)
・「17」と表示されているが、外部設計と正しいか
作業内容(全選択肢網羅)
・「仕拵・積立・撤去」と表示されているが、外部設計と正しいか
資材計上区分(全選択肢網羅)
・「材料費+施工費」と表示されているが、外部設計と正しいか
購入土計上区分(全選択肢網羅)
・「計上しない」と表示されているが、外部設計と正しいか","・作業区分 の規格名計上が意図通りの場所に正しく計上されているか
・作業内容 の規格名計上が意図通りの場所に正しく計上されているか"
TC-003,新規歩掛,17,仕拵・積立・撤去,施工費のみ,-,○,○,○,"作業区分(全選択肢網羅)
・「17」と表示されているが、外部設計と正しいか
作業内容(全選択肢網羅)
・「仕拵・積立・撤去」と表示されているが、外部設計と正しいか
資材計上区分(全選択肢網羅)
・「施工費のみ」と表示されているが、外部設計と正しいか","・作業区分 の規格名計上が意図通りの場所に正しく計上されているか
・作業内容 の規格名計上が意図通りの場所に正しく計上されているか"
TC-004,新規歩掛,17,撤去,-,-,○,○,○,"作業区分(全選択肢網羅)
・「17」と表示されているが、外部設計と正しいか
作業内容(全選択肢網羅)
・「撤去」と表示されているが、外部設計と正しいか
資材計上区分(全選択肢網羅)
・「材料費+施工費」と表示されているが、外部設計と正しいか","・作業区分 の規格名計上が意図通りの場所に正しく計上されているか
・作業内容 の規格名計上が意図通りの場所に正しく計上されているか"
TC-005,新規歩掛,17,撤去,-,-,○,○,○,"作業区分(全選択肢網羅)
・「17」と表示されているが、外部設計と正しいか
作業内容(全選択肢網羅)
・「撤去」と表示されているが、外部設計と正しいか
資材計上区分(全選択肢網羅)
・「施工費のみ」と表示されているが、外部設計と正しいか","・作業区分 の規格名計上が意図通りの場所に正しく計上されているか
・作業内容 の規格名計上が意図通りの場所に正しく計上されているか"
,,,,,,計算結果は手計算と一致すること(手動確認),,,,
