カテゴリ,変更種別,ID,名称,旧値,新値,備考
代価表,変更,代価表:1,TankaCD:32-2101-3-32-694,1行,2行,行数変更
代価表,変更,代価表:2,TankaCD:32-2-101-33-276,1行,2行,行数変更
代価表,変更,代価表:3,TankaCD:32-1-102-32-6188,1行,2行,行数変更
代価表,変更,代価表:4,TankaCD:32-1-102-32-6301,1行,2行,行数変更
代価表,追加,代価表:5,TankaCD:32-1-102-32-6188,-,2行,
代価表,追加,代価表:6,TankaCD:32-1-102-32-6301,-,2行,
代価表,追加,代価表:7,TankaCD:32-1-102-32-6188,-,2行,
代価表,追加,代価表:8,TankaCD:32-1-102-32-6301,-,2行,
代価表,追加,代価表:9,TankaCD:32-1-102-32-6188,-,2行,
代価表,追加,代価表:10,TankaCD:32-1-102-32-6301,-,2行,
代価表,追加,代価表:11,TankaCD:32-1-102-32-6188,-,2行,
代価表,追加,代価表:12,TankaCD:32-1-102-32-6301,-,2行,
代価表,追加,代価表:13,TankaCD:32-1-102-32-6188,-,2行,
代価表,追加,代価表:14,TankaCD:32-1-102-32-6301,-,2行,
計算表,変更,計算表変数:2,S1,s1 * n,"s1 * if(kk == 2, sh, n)",計算式
計算表,変更,計算表変数:21,pk1,,"if(pz1==1,S21,S21')",計算式
計算表,変更,計算表変数:22,S21,S1,S21a,計算式
計算表,変更,計算表変数:23,S21a,1.0,,固定値→計算式
計算表,追加,計算表変数:24,S21',-,S21a',計算式
計算表,追加,計算表変数:25,S21a',-,,計算式
計算表,追加,計算表変数:26,kk1,-,"if(kz1 == 1, S31L, if(kz1 == 2, S31kg,S31'))",計算式
計算表,追加,計算表変数:27,S31L,-,S21 * S31a / 100 / 0.85,計算式
計算表,追加,計算表変数:28,S31kg,-,S21 * S31a / 100,計算式
計算表,追加,計算表変数:29,S31a,-,,計算式
計算表,追加,計算表変数:30,S31',-,S31a',計算式
計算表,追加,計算表変数:31,S31a',-,,計算式
計算表,追加,計算表変数:32,pz1,-,,計算式
計算表,追加,計算表変数:33,kz1,-,,計算式
計算表,追加,計算表変数:34,sk1,-,,計算式
計算表,追加,計算表変数:35,CD:35,-,,計算式
計算表,追加,計算表変数:36,<2層目>,-,,計算式
計算表,追加,計算表変数:37,pk2,-,"if(pz2==1,S22,S22')",計算式
計算表,追加,計算表変数:38,S22,-,S22a,計算式
計算表,追加,計算表変数:39,S22a,-,,計算式
計算表,追加,計算表変数:40,S22',-,S22a',計算式
計算表,追加,計算表変数:41,S22a',-,,計算式
計算表,追加,計算表変数:42,kk2,-,"if(kz2 == 1, S32L, if(kz2 == 2, S32kg,S32'))",計算式
計算表,追加,計算表変数:43,S32L,-,S22 * S32a / 100 / 0.85,計算式
計算表,追加,計算表変数:44,S32kg,-,S22 * S32a / 100,計算式
計算表,追加,計算表変数:45,S32a,-,,計算式
計算表,追加,計算表変数:46,S32',-,S32a',計算式
計算表,追加,計算表変数:47,S32a',-,,計算式
計算表,追加,計算表変数:48,pz2,-,,計算式
計算表,追加,計算表変数:49,kz2,-,,計算式
計算表,追加,計算表変数:50,sk2,-,,計算式
計算表,追加,計算表変数:51,CD:51,-,,計算式
計算表,追加,計算表変数:52,<3層目>,-,,計算式
計算表,追加,計算表変数:53,pk3,-,"if(pz3==1,S23,S23')",計算式
計算表,追加,計算表変数:54,S23,-,S23a,計算式
計算表,追加,計算表変数:55,S23a,-,,計算式
計算表,追加,計算表変数:56,S23',-,S23a',計算式
計算表,追加,計算表変数:57,S23a',-,,計算式
計算表,追加,計算表変数:58,kk3,-,"if(kz3 == 1, S33L, if(kz3 == 2, S33kg,S33'))",計算式
計算表,追加,計算表変数:59,S33L,-,S23 * S33a / 100 / 0.85,計算式
計算表,追加,計算表変数:60,S33kg,-,S23 * S33a / 100,計算式
計算表,追加,計算表変数:61,S33a,-,,計算式
計算表,追加,計算表変数:62,S33',-,S33a',計算式
計算表,追加,計算表変数:63,S33a',-,,計算式
計算表,追加,計算表変数:64,pz3,-,,計算式
計算表,追加,計算表変数:65,kz3,-,,計算式
計算表,追加,計算表変数:66,sk3,-,,計算式
計算表,追加,計算表変数:67,CD:67,-,,計算式
計算表,追加,計算表変数:68,<4層目>,-,,計算式
計算表,追加,計算表変数:69,pk4,-,"if(pz4==1,S24,S24')",計算式
計算表,追加,計算表変数:70,S24,-,S24a,計算式
計算表,追加,計算表変数:71,S24a,-,,計算式
計算表,追加,計算表変数:72,S24',-,S24a',計算式
計算表,追加,計算表変数:73,S24a',-,,計算式
計算表,追加,計算表変数:74,kk4,-,"if(kz4 == 1, S34L, if(kz4 == 2, S34kg,S34'))",計算式
計算表,追加,計算表変数:75,S34L,-,S24 * S34a / 100 / 0.85,計算式
計算表,追加,計算表変数:76,S34kg,-,S24 * S34a / 100,計算式
計算表,追加,計算表変数:77,S34a,-,,計算式
計算表,追加,計算表変数:78,S34',-,S34a',計算式
計算表,追加,計算表変数:79,S34a',-,,計算式
計算表,追加,計算表変数:80,pz4,-,,計算式
計算表,追加,計算表変数:81,kz4,-,,計算式
計算表,追加,計算表変数:82,sk4,-,,計算式
計算表,追加,計算表変数:83,CD:83,-,,計算式
計算表,追加,計算表変数:84,<5層目>,-,,計算式
計算表,追加,計算表変数:85,pk5,-,"if(pz5==1,S25,S25')",計算式
計算表,追加,計算表変数:86,S25,-,S25a,計算式
計算表,追加,計算表変数:87,S25a,-,,計算式
計算表,追加,計算表変数:88,S25',-,S25a',計算式
計算表,追加,計算表変数:89,S25a',-,,計算式
計算表,追加,計算表変数:90,kk5,-,"if(kz5 == 1, S35L, if(kz5 == 2, S35kg,S35'))",計算式
計算表,追加,計算表変数:91,S35L,-,S25 * S35a / 100 / 0.85,計算式
計算表,追加,計算表変数:92,S35kg,-,S25 * S35a / 100,計算式
計算表,追加,計算表変数:93,S35a,-,,計算式
計算表,追加,計算表変数:94,S35',-,S35a',計算式
計算表,追加,計算表変数:95,S35a',-,,計算式
計算表,追加,計算表変数:96,pz5,-,,計算式
計算表,追加,計算表変数:97,kz5,-,,計算式
計算表,追加,計算表変数:98,sk5,-,,計算式
計算表,追加,計算表変数:99,CD:99,-,,計算式
計算表,追加,計算表変数:100,<6層目>,-,,計算式
計算表,追加,計算表変数:101,pk6,-,"if(pz6==1,S26,S26')",計算式
計算表,追加,計算表変数:102,S26,-,S26a,計算式
計算表,追加,計算表変数:103,S26a,-,,計算式
計算表,追加,計算表変数:104,S26',-,S26a',計算式
計算表,追加,計算表変数:105,S26a',-,,計算式
計算表,追加,計算表変数:106,kk6,-,"if(kz6 == 1, S36L, if(kz6 == 2, S36kg,S36'))",計算式
計算表,追加,計算表変数:107,S36L,-,S26 * S36a / 100 / 0.85,計算式
計算表,追加,計算表変数:108,S36kg,-,S26 * S36a / 100,計算式
計算表,追加,計算表変数:109,S36a,-,,計算式
計算表,追加,計算表変数:110,S36',-,S36a',計算式
計算表,追加,計算表変数:111,S36a',-,,計算式
計算表,追加,計算表変数:112,pz6,-,,計算式
計算表,追加,計算表変数:113,kz6,-,,計算式
計算表,追加,計算表変数:114,sk6,-,,計算式
計算表,追加,計算表変数:115,CD:115,-,,計算式
計算表,追加,計算表変数:116,<内部変数>,-,,計算式
計算表,追加,計算表変数:117,WK,-,,計算式
計算表,追加,計算表変数:118,C2,-,,計算式
計算表,追加,計算表変数:119,sh,-,,計算式
計算表,追加,計算表変数:120,CD:120,-,,計算式
計算表,追加,計算表変数:121,<上位代価から受け取る変数>,-,,計算式
計算表,追加,計算表変数:122,kk,-,1.0,固定値
計算表,追加,計算表変数:123,D2R,-,S1,計算式
計算表,追加,計算表変数:124,D3R,-,pk1 * sk1,計算式
計算表,追加,計算表変数:125,D4R,-,kk1 * sk1,計算式
計算表,追加,計算表変数:126,D5R,-,pk2 * sk2,計算式
計算表,追加,計算表変数:127,D6R,-,kk2 * sk2,計算式
計算表,追加,計算表変数:128,D7R,-,pk3 * sk3,計算式
計算表,追加,計算表変数:129,D8R,-,kk3 * sk3,計算式
計算表,追加,計算表変数:130,D9R,-,pk4 * sk4,計算式
計算表,追加,計算表変数:131,D10R,-,kk4 * sk4,計算式
計算表,追加,計算表変数:132,D11R,-,pk5 * sk5,計算式
計算表,追加,計算表変数:133,D12R,-,kk5 * sk5,計算式
計算表,追加,計算表変数:134,D13R,-,pk6 * sk6,計算式
計算表,追加,計算表変数:135,D14R,-,kk6 * sk6,計算式
計算表,追加,計算表変数:136,ASVar,-,1.0,固定値
質問,変更,質問No:31,条件選択(2層目),WK=1,条件選択(2層目),表示名変更 / バージョン更新
質問,変更,質問No:32,条件選択(3層目),代価行を規格名へ,条件選択(3層目),表示名変更 / バージョン更新
質問,変更,質問No:33,条件選択(3層目),0=代価表1枚目4行目,条件選択(3層目),表示名変更 / バージョン更新
質問,変更,質問No:34,条件選択(3層目),終点,条件選択(3層目),表示名変更 / 実行種別変更(None→必ず実行) / バージョン更新
質問,変更,質問No:35,条件選択(4層目),S2'=代価表1枚目数量3行目,条件選択(4層目),表示名変更 / バージョン更新
質問,変更,質問No:36,条件選択(4層目),WK=1,条件選択(4層目),表示名変更 / バージョン更新
質問,変更,質問No:37,条件選択(4層目),WK=1,条件選択(4層目),表示名変更 / バージョン更新
質問,変更,質問No:38,条件選択(5層目),希釈剤,条件選択(5層目),表示名変更 / 実行種別変更(None→必ず実行) / バージョン更新
質問,変更,質問No:39,条件選択(5層目),S2=代価表1枚目数量3行目,条件選択(5層目),表示名変更 / バージョン更新
質問,変更,質問No:40,条件選択(5層目),WK=1,条件選択(5層目),表示名変更 / バージョン更新
質問,変更,質問No:41,条件選択(6層目),S3L=代価表1枚目数量4行目,条件選択(6層目),表示名変更 / バージョン更新
質問,変更,質問No:42,条件選択(6層目),0=代価表1枚目3行目,条件選択(6層目),表示名変更 / バージョン更新
質問,変更,質問No:43,条件選択(6層目),S3kg=代価表1枚目数量4行目,条件選択(6層目),表示名変更 / バージョン更新
質問,変更,質問No:45,ペイント材料費の単位選択(1層目),WK=1,ペイント材料費の単位選択(1層目),表示名変更 / バージョン更新
質問,変更,質問No:46,ペイント標準使用量(プライマ処理)(1層目),WK=1,ペイント標準使用量(プライマ処理)(1層目),表示名変更 / バージョン更新
質問,変更,質問No:47,ペイント標準使用量(プライマ処理)(1層目),作業区分,ペイント標準使用量(プライマ処理)(1層目),表示名変更 / 実行種別変更(None→必ず実行) / バージョン更新
質問,変更,質問No:48,ペイント標準使用量(エアレススプレー塗)(1層目),WK=1,ペイント標準使用量(エアレススプレー塗)(1層目),表示名変更 / バージョン更新
質問,変更,質問No:49,ペイント標準使用量(エアレススプレー塗)(1層目),希釈剤使用率,ペイント標準使用量(エアレススプレー塗)(1層目),表示名変更 / 実行種別変更(None→必ず実行) / バージョン更新
質問,変更,質問No:50,ペイント標準使用量(エアレススプレー塗)(1層目),ペイント(工場塗装),ペイント標準使用量(エアレススプレー塗)(1層目),表示名変更 / 実行種別変更(None→必ず実行) / バージョン更新
質問,変更,質問No:51,ペイント標準使用量(はけ塗)(1層目),S3'=代価表1枚目数量4行目,ペイント標準使用量(はけ塗)(1層目),表示名変更 / バージョン更新
質問,変更,質問No:52,ペイント標準使用量(はけ塗)(1層目),WK=1,ペイント標準使用量(はけ塗)(1層目),表示名変更 / バージョン更新
質問,変更,質問No:53,ペイント標準使用量(はけ塗)(1層目),WK=1,ペイント標準使用量(はけ塗)(1層目),表示名変更 / バージョン更新
質問,変更,質問No:54,100m2・1回当りのペイント使用量(1層目),WK=1,100m2・1回当りのペイント使用量(1層目),表示名変更 / バージョン更新
質問,変更,質問No:55,希釈剤材料費の単位選択(1層目),WK=1,希釈剤材料費の単位選択(1層目),表示名変更 / バージョン更新
質問,変更,質問No:56,希釈剤使用率(1層目),WK=1,希釈剤使用率(1層目),表示名変更 / バージョン更新
質問,変更,質問No:57,100m2・1回当りの希釈剤使用量(1層目),WK=1,100m2・1回当りの希釈剤使用量(1層目),表示名変更 / バージョン更新
質問,変更,質問No:58,ペイント(プライマ処理)(2層目),WK=1,ペイント(プライマ処理)(2層目),表示名変更 / バージョン更新
質問,変更,質問No:59,ペイント(工場塗装)(2層目),WK=2,ペイント(工場塗装)(2層目),表示名変更 / バージョン更新
質問,変更,質問No:60,2層目計上区分,WK=1,2層目計上区分,表示名変更 / バージョン更新
質問,変更,質問No:61,ペイント材料費の単位選択(2層目),終点,ペイント材料費の単位選択(2層目),表示名変更 / 実行種別変更(None→必ず実行) / バージョン更新
質問,変更,質問No:62,ペイント標準使用量(プライマ処理)(2層目),WK=1,ペイント標準使用量(プライマ処理)(2層目),表示名変更 / バージョン更新
質問,追加,質問No:13,計上区分,-,選択式,2026/05/02 05:48:08
質問,追加,質問No:20,層数区分,-,選択式,2026/05/02 05:48:08
質問,追加,質問No:24,条件選択(2層目),-,選択式,2026/05/02 05:48:08
質問,追加,質問No:28,条件選択(2層目),-,選択式,2026/05/02 05:48:08
質問,追加,質問No:63,ペイント標準使用量(プライマ処理)(2層目),-,選択式,2026/05/02 05:48:08
質問,追加,質問No:64,ペイント標準使用量(エアレススプレー塗)(2層目),-,選択式,2026/05/02 05:48:08
質問,追加,質問No:65,ペイント標準使用量(エアレススプレー塗)(2層目),-,選択式,2026/05/02 05:48:08
質問,追加,質問No:66,ペイント標準使用量(エアレススプレー塗)(2層目),-,選択式,2026/05/02 05:48:08
質問,追加,質問No:67,ペイント標準使用量(はけ塗)(2層目),-,選択式,2026/05/02 05:48:08
質問,追加,質問No:68,ペイント標準使用量(はけ塗)(2層目),-,選択式,2026/05/02 05:48:08
質問,追加,質問No:69,ペイント標準使用量(はけ塗)(2層目),-,選択式,2026/05/02 05:48:08
質問,追加,質問No:70,100m2・1回当りのペイント使用量(2層目),-,数値入力,2026/05/02 05:48:08
質問,追加,質問No:71,希釈剤(2層目),-,SitsumonKind:8,2026/05/02 05:48:08
質問,追加,質問No:72,希釈剤材料費の単位選択(2層目),-,選択式,2026/05/02 05:48:08
質問,追加,質問No:73,希釈剤使用率(2層目),-,選択式,2026/05/02 05:48:08
質問,追加,質問No:74,100m2・1回当りの希釈剤使用量(2層目),-,数値入力,2026/05/02 05:48:08
質問,追加,質問No:75,3層目計上区分,-,選択式,2026/05/02 05:48:08
質問,追加,質問No:76,ペイント(プライマ処理)(3層目),-,SitsumonKind:8,2026/05/02 05:48:08
質問,追加,質問No:77,ペイント(工場塗装)(3層目),-,SitsumonKind:8,2026/05/02 05:48:08
質問,追加,質問No:78,ペイント材料費の単位選択(3層目),-,選択式,2026/05/02 05:48:08
質問,追加,質問No:79,ペイント標準使用量(プライマ処理)(3層目),-,選択式,2026/05/02 05:48:08
質問,追加,質問No:80,ペイント標準使用量(プライマ処理)(3層目),-,選択式,2026/05/02 05:48:08
質問,追加,質問No:81,ペイント標準使用量(エアレススプレー塗)(3層目),-,選択式,2026/05/02 05:48:08
質問,追加,質問No:82,ペイント標準使用量(エアレススプレー塗)(3層目),-,選択式,2026/05/02 05:48:08
質問,追加,質問No:83,ペイント標準使用量(エアレススプレー塗)(3層目),-,選択式,2026/05/02 05:48:08
質問,追加,質問No:84,ペイント標準使用量(はけ塗)(3層目),-,選択式,2026/05/02 05:48:08
質問,追加,質問No:85,ペイント標準使用量(はけ塗)(3層目),-,選択式,2026/05/02 05:48:08
質問,追加,質問No:86,ペイント標準使用量(はけ塗)(3層目),-,選択式,2026/05/02 05:48:08
質問,追加,質問No:87,100m2・1回当りのペイント使用量(3層目),-,数値入力,2026/05/02 05:48:08
質問,追加,質問No:88,希釈剤(3層目),-,SitsumonKind:8,2026/05/02 05:48:08
質問,追加,質問No:89,希釈剤材料費の単位選択(3層目),-,選択式,2026/05/02 05:48:08
質問,追加,質問No:90,希釈剤使用率(3層目),-,選択式,2026/05/02 05:48:08
質問,追加,質問No:91,100m2・1回当りの希釈剤使用量(3層目),-,数値入力,2026/05/02 05:48:08
質問,追加,質問No:92,4層目計上区分,-,選択式,2026/05/02 05:48:08
質問,追加,質問No:93,ペイント(プライマ処理)(4層目),-,SitsumonKind:8,2026/05/02 05:48:08
質問,追加,質問No:94,ペイント(工場塗装)(4層目),-,SitsumonKind:8,2026/05/02 05:48:08
質問,追加,質問No:95,ペイント材料費の単位選択(4層目),-,選択式,2026/05/02 05:48:08
質問,追加,質問No:96,ペイント標準使用量(プライマ処理)(4層目),-,選択式,2026/05/02 05:48:08
質問,追加,質問No:97,ペイント標準使用量(プライマ処理)(4層目),-,選択式,2026/05/02 05:48:08
質問,追加,質問No:98,ペイント標準使用量(エアレススプレー塗)(4層目),-,選択式,2026/05/02 05:48:08
質問,追加,質問No:99,ペイント標準使用量(エアレススプレー塗)(4層目),-,選択式,2026/05/02 05:48:08
質問,追加,質問No:100,ペイント標準使用量(エアレススプレー塗)(4層目),-,選択式,2026/05/02 05:48:08
質問,追加,質問No:101,ペイント標準使用量(はけ塗)(4層目),-,選択式,2026/05/02 05:48:08
質問,追加,質問No:102,ペイント標準使用量(はけ塗)(4層目),-,選択式,2026/05/02 05:48:08
質問,追加,質問No:103,ペイント標準使用量(はけ塗)(4層目),-,選択式,2026/05/02 05:48:08
質問,追加,質問No:104,100m2・1回当りのペイント使用量(4層目),-,数値入力,2026/05/02 05:48:08
質問,追加,質問No:105,希釈剤(4層目),-,SitsumonKind:8,2026/05/02 05:48:08
質問,追加,質問No:106,希釈剤材料費の単位選択(4層目),-,選択式,2026/05/02 05:48:08
質問,追加,質問No:107,希釈剤使用率(4層目),-,選択式,2026/05/02 05:48:08
質問,追加,質問No:108,100m2・1回当りの希釈剤使用量(4層目),-,数値入力,2026/05/02 05:48:08
質問,追加,質問No:109,5層目計上区分,-,選択式,2026/05/02 05:48:08
質問,追加,質問No:110,ペイント(プライマ処理)(5層目),-,SitsumonKind:8,2026/05/02 05:48:08
質問,追加,質問No:111,ペイント(工場塗装)(5層目),-,SitsumonKind:8,2026/05/02 05:48:08
質問,追加,質問No:112,ペイント材料費の単位選択(5層目),-,選択式,2026/05/02 05:48:08
質問,追加,質問No:113,ペイント標準使用量(プライマ処理)(5層目),-,選択式,2026/05/02 05:48:08
質問,追加,質問No:114,ペイント標準使用量(プライマ処理)(5層目),-,選択式,2026/05/02 05:48:08
質問,追加,質問No:115,ペイント標準使用量(エアレススプレー塗)(5層目),-,選択式,2026/05/02 05:48:08
質問,追加,質問No:116,ペイント標準使用量(エアレススプレー塗)(5層目),-,選択式,2026/05/02 05:48:08
質問,追加,質問No:117,ペイント標準使用量(エアレススプレー塗)(5層目),-,選択式,2026/05/02 05:48:08
質問,追加,質問No:118,ペイント標準使用量(はけ塗)(5層目),-,選択式,2026/05/02 05:48:08
質問,追加,質問No:119,ペイント標準使用量(はけ塗)(5層目),-,選択式,2026/05/02 05:48:08
質問,追加,質問No:120,ペイント標準使用量(はけ塗)(5層目),-,選択式,2026/05/02 05:48:08
質問,追加,質問No:121,100m2・1回当りのペイント使用量(5層目),-,数値入力,2026/05/02 05:48:08
質問,追加,質問No:122,希釈剤(5層目),-,SitsumonKind:8,2026/05/02 05:48:08
質問,追加,質問No:123,希釈剤材料費の単位選択(5層目),-,選択式,2026/05/02 05:48:08
質問,追加,質問No:124,希釈剤使用率(5層目),-,選択式,2026/05/02 05:48:08
質問,追加,質問No:125,100m2・1回当りの希釈剤使用量(5層目),-,数値入力,2026/05/02 05:48:08
質問,追加,質問No:126,6層目計上区分,-,選択式,2026/05/02 05:48:08
質問,追加,質問No:127,ペイント(プライマ処理)(6層目),-,SitsumonKind:8,2026/05/02 05:48:08
質問,追加,質問No:128,ペイント(工場塗装)(6層目),-,SitsumonKind:8,2026/05/02 05:48:08
質問,追加,質問No:129,ペイント材料費の単位選択(6層目),-,選択式,2026/05/02 05:48:08
質問,追加,質問No:130,ペイント標準使用量(プライマ処理)(6層目),-,選択式,2026/05/02 05:48:08
質問,追加,質問No:131,ペイント標準使用量(プライマ処理)(6層目),-,選択式,2026/05/02 05:48:08
質問,追加,質問No:132,ペイント標準使用量(エアレススプレー塗)(6層目),-,選択式,2026/05/02 05:48:08
質問,追加,質問No:133,ペイント標準使用量(エアレススプレー塗)(6層目),-,選択式,2026/05/02 05:48:08
質問,追加,質問No:134,ペイント標準使用量(エアレススプレー塗)(6層目),-,選択式,2026/05/02 05:48:08
質問,追加,質問No:135,ペイント標準使用量(はけ塗)(6層目),-,選択式,2026/05/02 05:48:08
質問,追加,質問No:136,ペイント標準使用量(はけ塗)(6層目),-,選択式,2026/05/02 05:48:08
質問,追加,質問No:137,ペイント標準使用量(はけ塗)(6層目),-,選択式,2026/05/02 05:48:08
質問,追加,質問No:138,100m2・1回当りのペイント使用量(6層目),-,数値入力,2026/05/02 05:48:08
質問,追加,質問No:139,希釈剤(6層目),-,SitsumonKind:8,2026/05/02 05:48:08
質問,追加,質問No:140,希釈剤材料費の単位選択(6層目),-,選択式,2026/05/02 05:48:08
質問,追加,質問No:141,希釈剤使用率(6層目),-,選択式,2026/05/02 05:48:08
質問,追加,質問No:142,100m2・1回当りの希釈剤使用量(6層目),-,数値入力,2026/05/02 05:48:08
質問,追加,質問No:143,WK=1,-,選択式,2026/05/02 05:48:08
質問,追加,質問No:144,代価行を規格名へ,-,SitsumonKind:107,2017/04/01 00:00:00
質問,追加,質問No:145,0=代価表1枚目4行目,-,選択式,2026/05/02 05:48:08
質問,追加,質問No:146,終点,-,終点,2017/04/01 00:00:00
質問,追加,質問No:147,S2'=代価表1枚目数量3行目,-,SitsumonKind:105,2017/04/01 00:00:00
質問,追加,質問No:148,WK=1,-,選択式,2026/05/02 05:48:08
質問,追加,質問No:149,WK=1,-,選択式,2026/05/02 05:48:08
質問,追加,質問No:150,希釈剤,-,SitsumonKind:8,2017/04/01 00:00:00
質問,追加,質問No:151,S2=代価表1枚目数量3行目,-,SitsumonKind:105,2017/04/01 00:00:00
質問,追加,質問No:152,WK=1,-,選択式,2026/05/02 05:48:08
質問,追加,質問No:153,S3L=代価表1枚目数量4行目,-,SitsumonKind:105,2017/04/01 00:00:00
質問,追加,質問No:154,0=代価表1枚目3行目,-,選択式,2026/05/02 05:48:08
質問,追加,質問No:155,S3kg=代価表1枚目数量4行目,-,SitsumonKind:105,2017/04/01 00:00:00
質問,追加,質問No:156,WK=1,-,選択式,2026/05/02 05:48:08
質問,追加,質問No:157,WK=1,-,選択式,2026/05/02 05:48:08
質問,追加,質問No:158,WK=1,-,選択式,2026/05/02 05:48:08
質問,追加,質問No:159,作業区分,-,選択式,2017/04/01 00:00:00
質問,追加,質問No:160,WK=1,-,選択式,2026/05/02 05:48:08
質問,追加,質問No:161,希釈剤使用率,-,選択式,2017/04/01 00:00:00
質問,追加,質問No:162,ペイント(工場塗装),-,SitsumonKind:8,2017/04/01 00:00:00
質問,追加,質問No:163,S3'=代価表1枚目数量4行目,-,SitsumonKind:105,2017/04/01 00:00:00
質問,追加,質問No:164,WK=1,-,選択式,2026/05/02 05:48:08
質問,追加,質問No:165,WK=1,-,選択式,2026/05/02 05:48:08
質問,追加,質問No:166,WK=1,-,選択式,2026/05/02 05:48:08
質問,追加,質問No:167,WK=1,-,選択式,2026/05/02 05:48:08
質問,追加,質問No:168,WK=1,-,選択式,2026/05/02 05:48:08
質問,追加,質問No:169,WK=1,-,選択式,2026/05/02 05:48:08
質問,追加,質問No:170,WK=1,-,選択式,2026/05/02 05:48:08
質問,追加,質問No:171,WK=2,-,選択式,2026/05/02 05:48:08
質問,追加,質問No:172,WK=1,-,選択式,2026/05/02 05:48:08
質問,追加,質問No:173,終点,-,終点,2017/04/01 00:00:00
質問,追加,質問No:174,WK=1,-,選択式,2026/05/02 05:48:08
質問,追加,質問No:175,代価表1枚目,-,SitsumonKind:102,2017/04/01 00:00:00
質問,追加,質問No:176,代価表2枚目,-,SitsumonKind:102,2017/04/01 00:00:00
質問,追加,質問No:177,フロー切替:層数複数計上(#594717),-,SitsumonKind:119,2017/04/01 00:00:00
質問,追加,質問No:178,資材計上区分,-,選択式,2017/04/01 00:00:00
質問,追加,質問No:179,sk1=1,-,選択式,2026/05/02 05:48:08
質問,追加,質問No:180,作業区分,-,選択式,2017/04/01 00:00:00
質問,追加,質問No:181,ペイント(プライマ処理),-,SitsumonKind:8,2017/04/01 00:00:00
質問,追加,質問No:182,ペイント(工場塗装),-,SitsumonKind:8,2017/04/01 00:00:00
質問,追加,質問No:183,ペイント(工場塗装),-,SitsumonKind:8,2017/04/01 00:00:00
質問,追加,質問No:184,代価行を規格名へ,-,SitsumonKind:107,2017/04/01 00:00:00
質問,追加,質問No:185,作業区分,-,選択式,2017/04/01 00:00:00
質問,追加,質問No:186,条件選択,-,選択式,2017/04/01 00:00:00
質問,追加,質問No:187,条件選択,-,選択式,2017/04/01 00:00:00
質問,追加,質問No:188,条件選択,-,選択式,2017/04/01 00:00:00
質問,追加,質問No:189,希釈剤,-,SitsumonKind:8,2017/04/01 00:00:00
質問,追加,質問No:190,希釈剤,-,SitsumonKind:8,2017/04/01 00:00:00
質問,追加,質問No:191,希釈剤使用率(1層目),-,選択式,2026/05/02 05:48:08
質問,追加,質問No:192,作業区分,-,選択式,2017/04/01 00:00:00
質問,追加,質問No:193,sk2=0,-,選択式,2026/05/02 05:48:08
質問,追加,質問No:194,ペイント(工場塗装)(2層目),-,SitsumonKind:8,2026/05/02 05:48:08
質問,追加,質問No:195,代価行を規格名へ,-,SitsumonKind:107,2017/04/01 00:00:00
質問,追加,質問No:196,作業区分,-,選択式,2017/04/01 00:00:00
質問,追加,質問No:197,希釈剤使用率(2層目),-,選択式,2026/05/02 05:48:08
質問,追加,質問No:198,希釈剤(2層目),-,SitsumonKind:8,2026/05/02 05:48:08
質問,追加,質問No:199,作業区分,-,選択式,2017/04/01 00:00:00
質問,追加,質問No:200,代価行を規格名へ,-,SitsumonKind:107,2017/04/01 00:00:00
質問,追加,質問No:201,作業区分,-,選択式,2017/04/01 00:00:00
質問,追加,質問No:202,希釈剤使用率(3層目),-,選択式,2026/05/02 05:48:08
質問,追加,質問No:203,ペイント(工場塗装)(3層目),-,SitsumonKind:8,2026/05/02 05:48:08
質問,追加,質問No:204,作業区分,-,選択式,2017/04/01 00:00:00
質問,追加,質問No:205,希釈剤(3層目),-,SitsumonKind:8,2026/05/02 05:48:08
質問,追加,質問No:206,sk3=0,-,選択式,2026/05/02 05:48:08
質問,追加,質問No:207,代価行を規格名へ,-,SitsumonKind:107,2017/04/01 00:00:00
質問,追加,質問No:208,作業区分,-,選択式,2017/04/01 00:00:00
質問,追加,質問No:209,希釈剤使用率(4層目),-,選択式,2026/05/02 05:48:08
質問,追加,質問No:210,ペイント(工場塗装)(4層目),-,SitsumonKind:8,2026/05/02 05:48:08
質問,追加,質問No:211,作業区分,-,選択式,2017/04/01 00:00:00
質問,追加,質問No:212,希釈剤(4層目),-,SitsumonKind:8,2026/05/02 05:48:08
質問,追加,質問No:213,sk4=0,-,選択式,2026/05/02 05:48:08
質問,追加,質問No:214,代価行を規格名へ,-,SitsumonKind:107,2017/04/01 00:00:00
質問,追加,質問No:215,作業区分,-,選択式,2017/04/01 00:00:00
質問,追加,質問No:216,希釈剤使用率(5層目),-,選択式,2026/05/02 05:48:08
質問,追加,質問No:217,ペイント(工場塗装)(5層目),-,SitsumonKind:8,2026/05/02 05:48:08
質問,追加,質問No:218,作業区分,-,選択式,2017/04/01 00:00:00
質問,追加,質問No:219,希釈剤(5層目),-,SitsumonKind:8,2026/05/02 05:48:08
質問,追加,質問No:220,sk5=0,-,選択式,2026/05/02 05:48:08
質問,追加,質問No:221,代価行を規格名へ,-,SitsumonKind:107,2017/04/01 00:00:00
質問,追加,質問No:222,作業区分,-,選択式,2017/04/01 00:00:00
質問,追加,質問No:223,希釈剤使用率(6層目),-,選択式,2026/05/02 05:48:08
質問,追加,質問No:224,ペイント(工場塗装)(6層目),-,SitsumonKind:8,2026/05/02 05:48:08
質問,追加,質問No:225,終点,-,終点,2017/04/01 00:00:00
質問,追加,質問No:226,希釈剤(6層目),-,SitsumonKind:8,2026/05/02 05:48:08
質問,追加,質問No:227,sk6=0,-,選択式,2026/05/02 05:48:08
質問,追加,質問No:228,sk1=0,-,選択式,2026/05/02 05:48:08
質問,削除,質問No:44,WK=1,-,-,2017/04/01 00:00:00
質問設定,追加,質問No:54,S21a',-,変数:S21a' / 計算表変数:25 / 規格名計上:なし / 単位:各単位,規格名計上:なし
質問設定,追加,質問No:57,S31a',-,変数:S31a' / 計算表変数:31 / 規格名計上:なし / 単位:各単位,規格名計上:なし
質問設定,追加,質問No:70,S22a',-,変数:S22a' / 計算表変数:41 / 規格名計上:なし / 単位:各単位,規格名計上:なし
質問設定,追加,質問No:74,S32a',-,変数:S32a' / 計算表変数:47 / 規格名計上:なし / 単位:各単位,規格名計上:なし
質問設定,追加,質問No:87,S23a',-,変数:S23a' / 計算表変数:57 / 規格名計上:なし / 単位:各単位,規格名計上:なし
質問設定,追加,質問No:91,S33a',-,変数:S33a' / 計算表変数:63 / 規格名計上:なし / 単位:各単位,規格名計上:なし
質問設定,追加,質問No:104,S24a',-,変数:S24a' / 計算表変数:73 / 規格名計上:なし / 単位:各単位,規格名計上:なし
質問設定,追加,質問No:108,S34a',-,変数:S34a' / 計算表変数:79 / 規格名計上:なし / 単位:各単位,規格名計上:なし
質問設定,追加,質問No:121,S25a',-,変数:S25a' / 計算表変数:89 / 規格名計上:なし / 単位:各単位,規格名計上:なし
質問設定,追加,質問No:125,S35a',-,変数:S35a' / 計算表変数:95 / 規格名計上:なし / 単位:各単位,規格名計上:なし
質問設定,追加,質問No:138,S26a',-,変数:S26a' / 計算表変数:105 / 規格名計上:なし / 単位:各単位,規格名計上:なし
質問設定,追加,質問No:142,S36a',-,変数:S36a' / 計算表変数:111 / 規格名計上:なし / 単位:各単位,規格名計上:なし
選択肢,変更,質問No:31,条件選択(2層目),,条件選択,選択肢テキスト変更(2行)
選択肢,変更,質問No:33,条件選択(3層目),,条件選択,選択肢テキスト変更(2行)
選択肢,変更,質問No:36,条件選択(4層目),,条件選択,選択肢テキスト変更(2行)
選択肢,変更,質問No:37,条件選択(4層目),,条件選択,選択肢テキスト変更(2行)
選択肢,変更,質問No:40,条件選択(5層目),,条件選択,選択肢テキスト変更(2行)
選択肢,変更,質問No:42,条件選択(6層目),,条件選択,選択肢テキスト変更(2行)
選択肢,変更,質問No:45,ペイント材料費の単位選択(1層目),,ペイント材料費の単位選択,選択肢テキスト変更(2行)
選択肢,変更,質問No:46,ペイント標準使用量(プライマ処理)(1層目),,希釈剤区分,選択肢テキスト変更(3行)
選択肢,変更,質問No:48,ペイント標準使用量(エアレススプレー塗)(1層目),,希釈剤区分,選択肢テキスト変更(4行)
選択肢,変更,質問No:52,ペイント標準使用量(はけ塗)(1層目),,希釈剤区分,選択肢テキスト変更(4行)
選択肢,変更,質問No:53,ペイント標準使用量(はけ塗)(1層目),,希釈剤区分,選択肢テキスト変更(4行)
選択肢,変更,質問No:55,希釈剤材料費の単位選択(1層目),,希釈剤材料費の単位,選択肢テキスト変更(2行)
選択肢,変更,質問No:56,希釈剤使用率(1層目),,希釈剤使用率(%),選択肢テキスト変更(2行)
選択肢,変更,質問No:60,2層目計上区分,,代価行計上区分,選択肢テキスト変更(2行)
選択肢,変更,質問No:62,ペイント標準使用量(プライマ処理)(2層目),,希釈剤区分,選択肢テキスト変更(3行)
選択肢,追加,質問No:31,条件選択(2層目),-,はけ塗,
選択肢,追加,質問No:32,条件選択(3層目),-,,
選択肢,追加,質問No:32,条件選択(3層目),-,,
選択肢,追加,質問No:32,条件選択(3層目),-,条件選択,
選択肢,追加,質問No:32,条件選択(3層目),-,下塗,
選択肢,追加,質問No:32,条件選択(3層目),-,中塗,
選択肢,追加,質問No:32,条件選択(3層目),-,上塗,
選択肢,追加,質問No:33,条件選択(3層目),-,中塗,
選択肢,追加,質問No:33,条件選択(3層目),-,上塗,
選択肢,追加,質問No:34,条件選択(3層目),-,,
選択肢,追加,質問No:34,条件選択(3層目),-,,
選択肢,追加,質問No:34,条件選択(3層目),-,条件選択,
選択肢,追加,質問No:34,条件選択(3層目),-,エアレススプレー塗,
選択肢,追加,質問No:34,条件選択(3層目),-,はけ塗,
選択肢,追加,質問No:35,条件選択(4層目),-,,
選択肢,追加,質問No:35,条件選択(4層目),-,,
選択肢,追加,質問No:35,条件選択(4層目),-,条件選択,
選択肢,追加,質問No:35,条件選択(4層目),-,下塗,
選択肢,追加,質問No:35,条件選択(4層目),-,中塗,
選択肢,追加,質問No:35,条件選択(4層目),-,上塗,
選択肢,追加,質問No:36,条件選択(4層目),-,中塗,
選択肢,追加,質問No:36,条件選択(4層目),-,上塗,
選択肢,追加,質問No:37,条件選択(4層目),-,はけ塗,
選択肢,追加,質問No:38,条件選択(5層目),-,,
選択肢,追加,質問No:38,条件選択(5層目),-,,
選択肢,追加,質問No:38,条件選択(5層目),-,条件選択,
選択肢,追加,質問No:38,条件選択(5層目),-,下塗,
選択肢,追加,質問No:38,条件選択(5層目),-,中塗,
選択肢,追加,質問No:38,条件選択(5層目),-,上塗,
選択肢,追加,質問No:39,条件選択(5層目),-,,
選択肢,追加,質問No:39,条件選択(5層目),-,,
選択肢,追加,質問No:39,条件選択(5層目),-,条件選択,
選択肢,追加,質問No:39,条件選択(5層目),-,下塗,
選択肢,追加,質問No:39,条件選択(5層目),-,中塗,
選択肢,追加,質問No:39,条件選択(5層目),-,上塗,
選択肢,追加,質問No:40,条件選択(5層目),-,はけ塗,
選択肢,追加,質問No:41,条件選択(6層目),-,,
選択肢,追加,質問No:41,条件選択(6層目),-,,
選択肢,追加,質問No:41,条件選択(6層目),-,条件選択,
選択肢,追加,質問No:41,条件選択(6層目),-,下塗,
選択肢,追加,質問No:41,条件選択(6層目),-,中塗,
選択肢,追加,質問No:41,条件選択(6層目),-,上塗,
選択肢,追加,質問No:42,条件選択(6層目),-,中塗,
選択肢,追加,質問No:42,条件選択(6層目),-,上塗,
選択肢,追加,質問No:43,条件選択(6層目),-,,
選択肢,追加,質問No:43,条件選択(6層目),-,,
選択肢,追加,質問No:43,条件選択(6層目),-,条件選択,
選択肢,追加,質問No:43,条件選択(6層目),-,エアレススプレー塗,
選択肢,追加,質問No:43,条件選択(6層目),-,はけ塗,
選択肢,追加,質問No:45,ペイント材料費の単位選択(1層目),-,2,
選択肢,追加,質問No:46,ペイント標準使用量(プライマ処理)(1層目),-,1,
選択肢,追加,質問No:46,ペイント標準使用量(プライマ処理)(1層目),-,1,
選択肢,追加,質問No:47,ペイント標準使用量(プライマ処理)(1層目),-,,
選択肢,追加,質問No:47,ペイント標準使用量(プライマ処理)(1層目),-,希釈剤区分,
選択肢,追加,質問No:47,ペイント標準使用量(プライマ処理)(1層目),-,,
選択肢,追加,質問No:47,ペイント標準使用量(プライマ処理)(1層目),-,1,
選択肢,追加,質問No:47,ペイント標準使用量(プライマ処理)(1層目),-,1,
選択肢,追加,質問No:47,ペイント標準使用量(プライマ処理)(1層目),-,1,
選択肢,追加,質問No:48,ペイント標準使用量(エアレススプレー塗)(1層目),-,1,
選択肢,追加,質問No:48,ペイント標準使用量(エアレススプレー塗)(1層目),-,1,
選択肢,追加,質問No:48,ペイント標準使用量(エアレススプレー塗)(1層目),-,1,
選択肢,追加,質問No:48,ペイント標準使用量(エアレススプレー塗)(1層目),-,1,
選択肢,追加,質問No:48,ペイント標準使用量(エアレススプレー塗)(1層目),-,1,
選択肢,追加,質問No:48,ペイント標準使用量(エアレススプレー塗)(1層目),-,1,
選択肢,追加,質問No:48,ペイント標準使用量(エアレススプレー塗)(1層目),-,1,
選択肢,追加,質問No:48,ペイント標準使用量(エアレススプレー塗)(1層目),-,1,
選択肢,追加,質問No:48,ペイント標準使用量(エアレススプレー塗)(1層目),-,1,
選択肢,追加,質問No:48,ペイント標準使用量(エアレススプレー塗)(1層目),-,1,
選択肢,追加,質問No:48,ペイント標準使用量(エアレススプレー塗)(1層目),-,1,
選択肢,追加,質問No:48,ペイント標準使用量(エアレススプレー塗)(1層目),-,1,
選択肢,追加,質問No:48,ペイント標準使用量(エアレススプレー塗)(1層目),-,1,
選択肢,追加,質問No:48,ペイント標準使用量(エアレススプレー塗)(1層目),-,1,
選択肢,追加,質問No:48,ペイント標準使用量(エアレススプレー塗)(1層目),-,1,
選択肢,追加,質問No:48,ペイント標準使用量(エアレススプレー塗)(1層目),-,2,
選択肢,追加,質問No:49,ペイント標準使用量(エアレススプレー塗)(1層目),-,希釈剤区分,
選択肢,追加,質問No:49,ペイント標準使用量(エアレススプレー塗)(1層目),-,,
選択肢,追加,質問No:49,ペイント標準使用量(エアレススプレー塗)(1層目),-,,
選択肢,追加,質問No:49,ペイント標準使用量(エアレススプレー塗)(1層目),-,1,
選択肢,追加,質問No:49,ペイント標準使用量(エアレススプレー塗)(1層目),-,1,
選択肢,追加,質問No:49,ペイント標準使用量(エアレススプレー塗)(1層目),-,1,
選択肢,追加,質問No:49,ペイント標準使用量(エアレススプレー塗)(1層目),-,1,
選択肢,追加,質問No:49,ペイント標準使用量(エアレススプレー塗)(1層目),-,1,
選択肢,追加,質問No:49,ペイント標準使用量(エアレススプレー塗)(1層目),-,1,
選択肢,追加,質問No:49,ペイント標準使用量(エアレススプレー塗)(1層目),-,1,
選択肢,追加,質問No:49,ペイント標準使用量(エアレススプレー塗)(1層目),-,1,
選択肢,追加,質問No:49,ペイント標準使用量(エアレススプレー塗)(1層目),-,1,
選択肢,追加,質問No:49,ペイント標準使用量(エアレススプレー塗)(1層目),-,1,
選択肢,追加,質問No:49,ペイント標準使用量(エアレススプレー塗)(1層目),-,1,
選択肢,追加,質問No:49,ペイント標準使用量(エアレススプレー塗)(1層目),-,1,
選択肢,追加,質問No:49,ペイント標準使用量(エアレススプレー塗)(1層目),-,1,
選択肢,追加,質問No:49,ペイント標準使用量(エアレススプレー塗)(1層目),-,1,
選択肢,追加,質問No:49,ペイント標準使用量(エアレススプレー塗)(1層目),-,1,
選択肢,追加,質問No:49,ペイント標準使用量(エアレススプレー塗)(1層目),-,1,
選択肢,追加,質問No:49,ペイント標準使用量(エアレススプレー塗)(1層目),-,2,
選択肢,追加,質問No:50,ペイント標準使用量(エアレススプレー塗)(1層目),-,希釈剤区分,
選択肢,追加,質問No:50,ペイント標準使用量(エアレススプレー塗)(1層目),-,,
選択肢,追加,質問No:50,ペイント標準使用量(エアレススプレー塗)(1層目),-,,
選択肢,追加,質問No:50,ペイント標準使用量(エアレススプレー塗)(1層目),-,1,
選択肢,追加,質問No:50,ペイント標準使用量(エアレススプレー塗)(1層目),-,1,
選択肢,追加,質問No:50,ペイント標準使用量(エアレススプレー塗)(1層目),-,1,
選択肢,追加,質問No:50,ペイント標準使用量(エアレススプレー塗)(1層目),-,1,
選択肢,追加,質問No:50,ペイント標準使用量(エアレススプレー塗)(1層目),-,1,
選択肢,追加,質問No:50,ペイント標準使用量(エアレススプレー塗)(1層目),-,1,
選択肢,追加,質問No:50,ペイント標準使用量(エアレススプレー塗)(1層目),-,1,
選択肢,追加,質問No:50,ペイント標準使用量(エアレススプレー塗)(1層目),-,1,
選択肢,追加,質問No:50,ペイント標準使用量(エアレススプレー塗)(1層目),-,1,
選択肢,追加,質問No:50,ペイント標準使用量(エアレススプレー塗)(1層目),-,1,
選択肢,追加,質問No:50,ペイント標準使用量(エアレススプレー塗)(1層目),-,1,
選択肢,追加,質問No:50,ペイント標準使用量(エアレススプレー塗)(1層目),-,1,
選択肢,追加,質問No:50,ペイント標準使用量(エアレススプレー塗)(1層目),-,1,
選択肢,追加,質問No:50,ペイント標準使用量(エアレススプレー塗)(1層目),-,1,
選択肢,追加,質問No:50,ペイント標準使用量(エアレススプレー塗)(1層目),-,1,
選択肢,追加,質問No:50,ペイント標準使用量(エアレススプレー塗)(1層目),-,1,
選択肢,追加,質問No:50,ペイント標準使用量(エアレススプレー塗)(1層目),-,2,
選択肢,追加,質問No:51,ペイント標準使用量(はけ塗)(1層目),-,希釈剤区分,
選択肢,追加,質問No:51,ペイント標準使用量(はけ塗)(1層目),-,,
選択肢,追加,質問No:51,ペイント標準使用量(はけ塗)(1層目),-,,
選択肢,追加,質問No:51,ペイント標準使用量(はけ塗)(1層目),-,1,
選択肢,追加,質問No:51,ペイント標準使用量(はけ塗)(1層目),-,1,
選択肢,追加,質問No:51,ペイント標準使用量(はけ塗)(1層目),-,1,
選択肢,追加,質問No:51,ペイント標準使用量(はけ塗)(1層目),-,1,
選択肢,追加,質問No:51,ペイント標準使用量(はけ塗)(1層目),-,1,
選択肢,追加,質問No:51,ペイント標準使用量(はけ塗)(1層目),-,1,
選択肢,追加,質問No:51,ペイント標準使用量(はけ塗)(1層目),-,1,
選択肢,追加,質問No:51,ペイント標準使用量(はけ塗)(1層目),-,1,
選択肢,追加,質問No:51,ペイント標準使用量(はけ塗)(1層目),-,1,
選択肢,追加,質問No:51,ペイント標準使用量(はけ塗)(1層目),-,1,
選択肢,追加,質問No:51,ペイント標準使用量(はけ塗)(1層目),-,1,
選択肢,追加,質問No:51,ペイント標準使用量(はけ塗)(1層目),-,1,
選択肢,追加,質問No:51,ペイント標準使用量(はけ塗)(1層目),-,1,
選択肢,追加,質問No:51,ペイント標準使用量(はけ塗)(1層目),-,1,
選択肢,追加,質問No:51,ペイント標準使用量(はけ塗)(1層目),-,1,
選択肢,追加,質問No:51,ペイント標準使用量(はけ塗)(1層目),-,1,
選択肢,追加,質問No:51,ペイント標準使用量(はけ塗)(1層目),-,2,
選択肢,追加,質問No:52,ペイント標準使用量(はけ塗)(1層目),-,1,
選択肢,追加,質問No:52,ペイント標準使用量(はけ塗)(1層目),-,1,
選択肢,追加,質問No:52,ペイント標準使用量(はけ塗)(1層目),-,1,
選択肢,追加,質問No:52,ペイント標準使用量(はけ塗)(1層目),-,1,
選択肢,追加,質問No:52,ペイント標準使用量(はけ塗)(1層目),-,1,
選択肢,追加,質問No:52,ペイント標準使用量(はけ塗)(1層目),-,1,
選択肢,追加,質問No:52,ペイント標準使用量(はけ塗)(1層目),-,1,
選択肢,追加,質問No:52,ペイント標準使用量(はけ塗)(1層目),-,1,
選択肢,追加,質問No:52,ペイント標準使用量(はけ塗)(1層目),-,1,
選択肢,追加,質問No:52,ペイント標準使用量(はけ塗)(1層目),-,1,
選択肢,追加,質問No:52,ペイント標準使用量(はけ塗)(1層目),-,1,
選択肢,追加,質問No:52,ペイント標準使用量(はけ塗)(1層目),-,1,
選択肢,追加,質問No:52,ペイント標準使用量(はけ塗)(1層目),-,1,
選択肢,追加,質問No:52,ペイント標準使用量(はけ塗)(1層目),-,1,
選択肢,追加,質問No:52,ペイント標準使用量(はけ塗)(1層目),-,1,
選択肢,追加,質問No:52,ペイント標準使用量(はけ塗)(1層目),-,2,
選択肢,追加,質問No:53,ペイント標準使用量(はけ塗)(1層目),-,1,
選択肢,追加,質問No:53,ペイント標準使用量(はけ塗)(1層目),-,1,
選択肢,追加,質問No:53,ペイント標準使用量(はけ塗)(1層目),-,1,
選択肢,追加,質問No:53,ペイント標準使用量(はけ塗)(1層目),-,1,
選択肢,追加,質問No:53,ペイント標準使用量(はけ塗)(1層目),-,1,
選択肢,追加,質問No:53,ペイント標準使用量(はけ塗)(1層目),-,1,
選択肢,追加,質問No:53,ペイント標準使用量(はけ塗)(1層目),-,1,
選択肢,追加,質問No:53,ペイント標準使用量(はけ塗)(1層目),-,1,
選択肢,追加,質問No:53,ペイント標準使用量(はけ塗)(1層目),-,1,
選択肢,追加,質問No:53,ペイント標準使用量(はけ塗)(1層目),-,1,
選択肢,追加,質問No:53,ペイント標準使用量(はけ塗)(1層目),-,1,
選択肢,追加,質問No:53,ペイント標準使用量(はけ塗)(1層目),-,1,
選択肢,追加,質問No:53,ペイント標準使用量(はけ塗)(1層目),-,1,
選択肢,追加,質問No:53,ペイント標準使用量(はけ塗)(1層目),-,1,
選択肢,追加,質問No:53,ペイント標準使用量(はけ塗)(1層目),-,1,
選択肢,追加,質問No:53,ペイント標準使用量(はけ塗)(1層目),-,2,
選択肢,追加,質問No:55,希釈剤材料費の単位選択(1層目),-,2,
選択肢,追加,質問No:55,希釈剤材料費の単位選択(1層目),-,3,
選択肢,追加,質問No:56,希釈剤使用率(1層目),-,50,
選択肢,追加,質問No:60,2層目計上区分,-,0,
選択肢,追加,質問No:61,ペイント材料費の単位選択(2層目),-,,
選択肢,追加,質問No:61,ペイント材料費の単位選択(2層目),-,,
選択肢,追加,質問No:61,ペイント材料費の単位選択(2層目),-,ペイント材料費の単位選択,
選択肢,追加,質問No:61,ペイント材料費の単位選択(2層目),-,1,
選択肢,追加,質問No:61,ペイント材料費の単位選択(2層目),-,2,
選択肢,追加,質問No:62,ペイント標準使用量(プライマ処理)(2層目),-,1,
選択肢,追加,質問No:62,ペイント標準使用量(プライマ処理)(2層目),-,1,
選択肢,削除,質問No:54,100m2・1回当りのペイント使用量(1層目),,-,
選択肢,削除,質問No:54,100m2・1回当りのペイント使用量(1層目),,-,
選択肢,削除,質問No:54,100m2・1回当りのペイント使用量(1層目),,-,
選択肢,削除,質問No:54,100m2・1回当りのペイント使用量(1層目),1,-,
選択肢,削除,質問No:57,100m2・1回当りの希釈剤使用量(1層目),,-,
選択肢,削除,質問No:57,100m2・1回当りの希釈剤使用量(1層目),,-,
選択肢,削除,質問No:57,100m2・1回当りの希釈剤使用量(1層目),,-,
選択肢,削除,質問No:57,100m2・1回当りの希釈剤使用量(1層目),1,-,
選択肢,削除,質問No:58,ペイント(プライマ処理)(2層目),,-,
選択肢,削除,質問No:58,ペイント(プライマ処理)(2層目),,-,
選択肢,削除,質問No:58,ペイント(プライマ処理)(2層目),,-,
選択肢,削除,質問No:58,ペイント(プライマ処理)(2層目),1,-,
選択肢,削除,質問No:59,ペイント(工場塗装)(2層目),,-,
選択肢,削除,質問No:59,ペイント(工場塗装)(2層目),,-,
選択肢,削除,質問No:59,ペイント(工場塗装)(2層目),,-,
選択肢,削除,質問No:59,ペイント(工場塗装)(2層目),2,-,
フロー,変更,BoxNo:1,資材計上区分,"質問No:6 CallBox:[30, 37, 38]","質問No:178 CallBox:[2, 5]",
フロー,変更,BoxNo:2,sk1=1,質問No:2 CallBox:[7],質問No:179 CallBox:[4],
フロー,変更,BoxNo:3,BoxNo:3,質問No:None CallBox:[26],質問No:None CallBox:[33],
フロー,変更,BoxNo:4,作業区分,質問No:31 CallBox:[21],"質問No:180 CallBox:[6, 7, 8]",
フロー,変更,BoxNo:5,BoxNo:5,質問No:3 CallBox:[22],質問No:None CallBox:[185],
フロー,変更,BoxNo:6,ペイント(プライマ処理),質問No:None CallBox:[18],質問No:181 CallBox:[9],
フロー,変更,BoxNo:7,ペイント(工場塗装),質問No:32 CallBox:[10],質問No:182 CallBox:[9],
フロー,変更,BoxNo:8,ペイント(工場塗装),"質問No:1 CallBox:[12, 3]",質問No:183 CallBox:[9],
フロー,変更,BoxNo:9,代価行を規格名へ,質問No:8 CallBox:[13],質問No:184 CallBox:[10],
フロー,変更,BoxNo:10,ペイント材料費の単位選択(1層目),"質問No:9 CallBox:[32, 6]","質問No:45 CallBox:[11, 12]",
フロー,変更,BoxNo:11,作業区分,質問No:33 CallBox:[50],"質問No:185 CallBox:[13, 14, 15]",
フロー,変更,BoxNo:12,BoxNo:12,"質問No:14 CallBox:[2, 14, 36]",質問No:None CallBox:[25],
フロー,変更,BoxNo:13,条件選択,質問No:34 CallBox:[],"質問No:186 CallBox:[16, 17]",
フロー,変更,BoxNo:14,条件選択,質問No:7 CallBox:[7],"質問No:187 CallBox:[18, 19, 20]",
フロー,変更,BoxNo:15,条件選択,質問No:35 CallBox:[19],"質問No:188 CallBox:[21, 22, 23]",
フロー,変更,BoxNo:16,ペイント標準使用量(プライマ処理)(1層目),質問No:36 CallBox:[21],質問No:46 CallBox:[24],
フロー,変更,BoxNo:17,ペイント標準使用量(プライマ処理)(1層目),質問No:37 CallBox:[21],質問No:47 CallBox:[24],
フロー,変更,BoxNo:18,ペイント標準使用量(エアレススプレー塗)(1層目),質問No:5 CallBox:[15],質問No:48 CallBox:[24],
フロー,変更,BoxNo:19,ペイント標準使用量(エアレススプレー塗)(1層目),質問No:38 CallBox:[25],質問No:49 CallBox:[24],
フロー,変更,BoxNo:20,ペイント標準使用量(エアレススプレー塗)(1層目),質問No:4 CallBox:[24],質問No:50 CallBox:[24],
フロー,変更,BoxNo:21,ペイント標準使用量(はけ塗)(1層目),質問No:39 CallBox:[5],質問No:51 CallBox:[24],
フロー,変更,BoxNo:22,ペイント標準使用量(はけ塗)(1層目),"質問No:12 CallBox:[20, 34, 25]",質問No:52 CallBox:[24],
フロー,変更,BoxNo:23,ペイント標準使用量(はけ塗)(1層目),質問No:40 CallBox:[21],質問No:53 CallBox:[24],
フロー,変更,BoxNo:24,希釈剤,質問No:41 CallBox:[50],質問No:189 CallBox:[28],
フロー,変更,BoxNo:25,100m2・1回当りのペイント使用量(1層目),質問No:11 CallBox:[42],質問No:54 CallBox:[26],
フロー,変更,BoxNo:26,希釈剤,質問No:42 CallBox:[11],質問No:190 CallBox:[31],
フロー,変更,BoxNo:27,2層目計上区分,質問No:43 CallBox:[50],"質問No:60 CallBox:[32, 33]",
フロー,変更,BoxNo:28,希釈剤材料費の単位選択(1層目),質問No:44 CallBox:[21],"質問No:55 CallBox:[29, 30, 31]",
フロー,変更,BoxNo:29,希釈剤使用率(1層目),質問No:45 CallBox:[21],質問No:56 CallBox:[27],
フロー,変更,BoxNo:30,希釈剤使用率(1層目),質問No:None CallBox:[39],質問No:191 CallBox:[27],
フロー,変更,BoxNo:31,100m2・1回当りの希釈剤使用量(1層目),質問No:46 CallBox:[21],質問No:57 CallBox:[27],
フロー,変更,BoxNo:32,作業区分,"質問No:47 CallBox:[41, 54, 40]","質問No:192 CallBox:[36, 37, 38]",
フロー,変更,BoxNo:33,sk2=0,質問No:48 CallBox:[21],質問No:193 CallBox:[93],
フロー,変更,BoxNo:34,BoxNo:34,質問No:49 CallBox:[27],質問No:None CallBox:[176],
フロー,変更,BoxNo:36,ペイント(プライマ処理)(2層目),質問No:50 CallBox:[7],質問No:58 CallBox:[39],
フロー,変更,BoxNo:37,ペイント(工場塗装)(2層目),質問No:None CallBox:[39],質問No:59 CallBox:[39],
フロー,変更,BoxNo:38,ペイント(工場塗装)(2層目),質問No:None CallBox:[64],質問No:194 CallBox:[39],
フロー,変更,BoxNo:39,代価行を規格名へ,質問No:18 CallBox:[35],質問No:195 CallBox:[40],
フロー,変更,BoxNo:40,ペイント材料費の単位選択(2層目),"質問No:17 CallBox:[59, 60, 61]","質問No:61 CallBox:[43, 58]",
フロー,変更,BoxNo:41,条件選択(2層目),"質問No:19 CallBox:[62, 63]","質問No:31 CallBox:[44, 48]",
フロー,変更,BoxNo:42,100m2・1回当りのペイント使用量(2層目),質問No:51 CallBox:[50],質問No:70 CallBox:[59],
フロー,変更,BoxNo:43,作業区分,質問No:52 CallBox:[21],"質問No:196 CallBox:[41, 49, 54]",
フロー,変更,BoxNo:44,ペイント標準使用量(プライマ処理)(2層目),質問No:53 CallBox:[21],質問No:62 CallBox:[45],
フロー,変更,BoxNo:45,希釈剤(2層目),質問No:54 CallBox:[21],質問No:71 CallBox:[46],
フロー,変更,BoxNo:46,希釈剤材料費の単位選択(2層目),質問No:55 CallBox:[21],"質問No:72 CallBox:[47, 51, 60]",
フロー,変更,BoxNo:47,希釈剤使用率(2層目),質問No:56 CallBox:[21],質問No:73 CallBox:[64],
フロー,変更,BoxNo:48,ペイント標準使用量(プライマ処理)(2層目),質問No:57 CallBox:[21],質問No:63 CallBox:[45],
フロー,変更,BoxNo:49,条件選択(2層目),質問No:58 CallBox:[21],"質問No:24 CallBox:[50, 52, 53]",
フロー,変更,BoxNo:50,ペイント標準使用量(エアレススプレー塗)(2層目),"質問No:10 CallBox:[9, 53]",質問No:64 CallBox:[45],
フロー,変更,BoxNo:51,希釈剤使用率(2層目),質問No:59 CallBox:[21],質問No:197 CallBox:[64],
フロー,変更,BoxNo:52,ペイント標準使用量(エアレススプレー塗)(2層目),質問No:60 CallBox:[21],質問No:65 CallBox:[45],
フロー,変更,BoxNo:53,ペイント標準使用量(エアレススプレー塗)(2層目),質問No:61 CallBox:[],質問No:66 CallBox:[45],
フロー,変更,BoxNo:54,条件選択(2層目),"質問No:16 CallBox:[55, 57, 58]","質問No:28 CallBox:[55, 56, 57]",
フロー,変更,BoxNo:55,ペイント標準使用量(はけ塗)(2層目),"質問No:21 CallBox:[52, 4, 16, 17, 23, 28, 29, 31, 33, 43, 44, 45, 46, 47, 48, 49, 51]",質問No:67 CallBox:[45],
フロー,変更,BoxNo:56,ペイント標準使用量(はけ塗)(2層目),質問No:62 CallBox:[21],質問No:68 CallBox:[45],
フロー,変更,BoxNo:57,ペイント標準使用量(はけ塗)(2層目),"質問No:22 CallBox:[52, 4, 16, 17, 23, 28, 29, 31, 33, 43, 44, 45, 46, 47, 48, 49, 51]",質問No:69 CallBox:[45],
フロー,変更,BoxNo:58,BoxNo:58,"質問No:23 CallBox:[52, 4, 16, 17, 23, 28, 29, 31, 33, 43, 44, 45, 46, 47, 48, 49, 51]",質問No:None CallBox:[42],
フロー,変更,BoxNo:59,希釈剤(2層目),"質問No:25 CallBox:[52, 4, 16, 17, 23, 28, 29, 31, 33, 43, 44, 45, 46, 47, 48, 49, 51]",質問No:198 CallBox:[60],
フロー,変更,BoxNo:60,100m2・1回当りの希釈剤使用量(2層目),"質問No:26 CallBox:[52, 4, 16, 17, 23, 28, 29, 31, 33, 43, 44, 45, 46, 47, 48, 49, 51]",質問No:74 CallBox:[64],
フロー,変更,BoxNo:63,作業区分,質問No:30 CallBox:[56],"質問No:199 CallBox:[65, 75, 81]",
フロー,変更,BoxNo:64,3層目計上区分,質問No:None CallBox:[35],"質問No:75 CallBox:[63, 93]",
フロー,追加,BoxNo:65,ペイント(プライマ処理)(3層目),-,質問No:76,CallBox→[代価行を規格名へ]
フロー,追加,BoxNo:66,代価行を規格名へ,-,質問No:200,CallBox→[ペイント材料費の単位選択(3層目)]
フロー,追加,BoxNo:67,ペイント材料費の単位選択(3層目),-,質問No:78,"CallBox→[作業区分, BoxNo:90（Sitsumon未定義）]"
フロー,追加,BoxNo:68,作業区分,-,質問No:201,"CallBox→[条件選択(3層目), 条件選択(3層目), 条件選択(3層目)]"
フロー,追加,BoxNo:69,条件選択(3層目),-,質問No:34,"CallBox→[ペイント標準使用量(プライマ処理)(3層目), ペイント標準使用量(プライマ処理)(3層目)]"
フロー,追加,BoxNo:70,ペイント標準使用量(プライマ処理)(3層目),-,質問No:79,CallBox→[希釈剤(3層目)]
フロー,追加,BoxNo:71,希釈剤(3層目),-,質問No:88,CallBox→[希釈剤材料費の単位選択(3層目)]
フロー,追加,BoxNo:72,希釈剤材料費の単位選択(3層目),-,質問No:89,"CallBox→[希釈剤使用率(3層目), 希釈剤使用率(3層目), 100m2・1回当りの希釈剤使用量(3層目)]"
フロー,追加,BoxNo:73,希釈剤使用率(3層目),-,質問No:90,CallBox→[4層目計上区分]
フロー,追加,BoxNo:74,ペイント標準使用量(プライマ処理)(3層目),-,質問No:80,CallBox→[希釈剤(3層目)]
フロー,追加,BoxNo:75,ペイント(工場塗装)(3層目),-,質問No:77,CallBox→[代価行を規格名へ]
フロー,追加,BoxNo:76,条件選択(3層目),-,質問No:32,"CallBox→[ペイント標準使用量(エアレススプレー塗)(3層目), ペイント標準使用量(エアレススプレー塗)(3層目), ペイント標準使用量(エアレススプレー塗)(3層目)]"
フロー,追加,BoxNo:77,ペイント標準使用量(エアレススプレー塗)(3層目),-,質問No:81,CallBox→[希釈剤(3層目)]
フロー,追加,BoxNo:78,希釈剤使用率(3層目),-,質問No:202,CallBox→[4層目計上区分]
フロー,追加,BoxNo:79,ペイント標準使用量(エアレススプレー塗)(3層目),-,質問No:82,CallBox→[希釈剤(3層目)]
フロー,追加,BoxNo:80,ペイント標準使用量(エアレススプレー塗)(3層目),-,質問No:83,CallBox→[希釈剤(3層目)]
フロー,追加,BoxNo:81,ペイント(工場塗装)(3層目),-,質問No:203,CallBox→[代価行を規格名へ]
フロー,追加,BoxNo:82,条件選択(3層目),-,質問No:33,"CallBox→[ペイント標準使用量(はけ塗)(3層目), ペイント標準使用量(はけ塗)(3層目), ペイント標準使用量(はけ塗)(3層目)]"
フロー,追加,BoxNo:83,ペイント標準使用量(はけ塗)(3層目),-,質問No:84,CallBox→[希釈剤(3層目)]
フロー,追加,BoxNo:84,ペイント標準使用量(はけ塗)(3層目),-,質問No:85,CallBox→[希釈剤(3層目)]
フロー,追加,BoxNo:85,ペイント標準使用量(はけ塗)(3層目),-,質問No:86,CallBox→[希釈剤(3層目)]
フロー,追加,BoxNo:86,作業区分,-,質問No:204,"CallBox→[ペイント(プライマ処理)(4層目), ペイント(工場塗装)(4層目), ペイント(工場塗装)(4層目)]"
フロー,追加,BoxNo:87,100m2・1回当りのペイント使用量(3層目),-,質問No:87,CallBox→[希釈剤(3層目)]
フロー,追加,BoxNo:88,希釈剤(3層目),-,質問No:205,CallBox→[100m2・1回当りの希釈剤使用量(3層目)]
フロー,追加,BoxNo:89,100m2・1回当りの希釈剤使用量(3層目),-,質問No:91,CallBox→[4層目計上区分]
フロー,追加,BoxNo:90,BoxNo:90,-,質問No:None,CallBox→[100m2・1回当りのペイント使用量(3層目)]
フロー,追加,BoxNo:93,sk3=0,-,質問No:206,CallBox→[sk4=0]
フロー,追加,BoxNo:94,4層目計上区分,-,質問No:92,"CallBox→[作業区分, sk4=0]"
フロー,追加,BoxNo:95,ペイント(プライマ処理)(4層目),-,質問No:93,CallBox→[代価行を規格名へ]
フロー,追加,BoxNo:96,代価行を規格名へ,-,質問No:207,CallBox→[ペイント材料費の単位選択(4層目)]
フロー,追加,BoxNo:97,ペイント材料費の単位選択(4層目),-,質問No:95,"CallBox→[作業区分, BoxNo:120（Sitsumon未定義）]"
フロー,追加,BoxNo:98,作業区分,-,質問No:208,"CallBox→[条件選択(4層目), 条件選択(4層目), 条件選択(4層目)]"
フロー,追加,BoxNo:99,条件選択(4層目),-,質問No:37,"CallBox→[ペイント標準使用量(プライマ処理)(4層目), ペイント標準使用量(プライマ処理)(4層目)]"
フロー,追加,BoxNo:100,ペイント標準使用量(プライマ処理)(4層目),-,質問No:96,CallBox→[希釈剤(4層目)]
フロー,追加,BoxNo:101,希釈剤(4層目),-,質問No:105,CallBox→[希釈剤材料費の単位選択(4層目)]
フロー,追加,BoxNo:102,希釈剤材料費の単位選択(4層目),-,質問No:106,"CallBox→[希釈剤使用率(4層目), 希釈剤使用率(4層目), 100m2・1回当りの希釈剤使用量(4層目)]"
フロー,追加,BoxNo:103,希釈剤使用率(4層目),-,質問No:107,CallBox→[5層目計上区分]
フロー,追加,BoxNo:104,ペイント標準使用量(プライマ処理)(4層目),-,質問No:97,CallBox→[希釈剤(4層目)]
フロー,追加,BoxNo:105,ペイント(工場塗装)(4層目),-,質問No:94,CallBox→[代価行を規格名へ]
フロー,追加,BoxNo:106,条件選択(4層目),-,質問No:35,"CallBox→[ペイント標準使用量(エアレススプレー塗)(4層目), ペイント標準使用量(エアレススプレー塗)(4層目), ペイント標準使用量(エアレススプレー塗)(4層目)]"
フロー,追加,BoxNo:107,ペイント標準使用量(エアレススプレー塗)(4層目),-,質問No:98,CallBox→[希釈剤(4層目)]
フロー,追加,BoxNo:108,希釈剤使用率(4層目),-,質問No:209,CallBox→[5層目計上区分]
フロー,追加,BoxNo:109,ペイント標準使用量(エアレススプレー塗)(4層目),-,質問No:99,CallBox→[希釈剤(4層目)]
フロー,追加,BoxNo:110,ペイント標準使用量(エアレススプレー塗)(4層目),-,質問No:100,CallBox→[希釈剤(4層目)]
フロー,追加,BoxNo:111,ペイント(工場塗装)(4層目),-,質問No:210,CallBox→[代価行を規格名へ]
フロー,追加,BoxNo:112,条件選択(4層目),-,質問No:36,"CallBox→[ペイント標準使用量(はけ塗)(4層目), ペイント標準使用量(はけ塗)(4層目), ペイント標準使用量(はけ塗)(4層目)]"
フロー,追加,BoxNo:113,ペイント標準使用量(はけ塗)(4層目),-,質問No:101,CallBox→[希釈剤(4層目)]
フロー,追加,BoxNo:114,ペイント標準使用量(はけ塗)(4層目),-,質問No:102,CallBox→[希釈剤(4層目)]
フロー,追加,BoxNo:115,ペイント標準使用量(はけ塗)(4層目),-,質問No:103,CallBox→[希釈剤(4層目)]
フロー,追加,BoxNo:116,作業区分,-,質問No:211,"CallBox→[ペイント(プライマ処理)(5層目), ペイント(工場塗装)(5層目), ペイント(工場塗装)(5層目)]"
フロー,追加,BoxNo:117,100m2・1回当りのペイント使用量(4層目),-,質問No:104,CallBox→[希釈剤(4層目)]
フロー,追加,BoxNo:118,希釈剤(4層目),-,質問No:212,CallBox→[100m2・1回当りの希釈剤使用量(4層目)]
フロー,追加,BoxNo:119,100m2・1回当りの希釈剤使用量(4層目),-,質問No:108,CallBox→[5層目計上区分]
フロー,追加,BoxNo:120,BoxNo:120,-,質問No:None,CallBox→[100m2・1回当りのペイント使用量(4層目)]
フロー,追加,BoxNo:123,sk4=0,-,質問No:213,CallBox→[sk5=0]
フロー,追加,BoxNo:124,5層目計上区分,-,質問No:109,"CallBox→[作業区分, sk5=0]"
フロー,追加,BoxNo:125,ペイント(プライマ処理)(5層目),-,質問No:110,CallBox→[代価行を規格名へ]
フロー,追加,BoxNo:126,代価行を規格名へ,-,質問No:214,CallBox→[ペイント材料費の単位選択(5層目)]
フロー,追加,BoxNo:127,ペイント材料費の単位選択(5層目),-,質問No:112,"CallBox→[作業区分, BoxNo:150（Sitsumon未定義）]"
フロー,追加,BoxNo:128,作業区分,-,質問No:215,"CallBox→[条件選択(5層目), 条件選択(5層目), 条件選択(5層目)]"
フロー,追加,BoxNo:129,条件選択(5層目),-,質問No:40,"CallBox→[ペイント標準使用量(プライマ処理)(5層目), ペイント標準使用量(プライマ処理)(5層目)]"
フロー,追加,BoxNo:130,ペイント標準使用量(プライマ処理)(5層目),-,質問No:113,CallBox→[希釈剤(5層目)]
フロー,追加,BoxNo:131,希釈剤(5層目),-,質問No:122,CallBox→[希釈剤材料費の単位選択(5層目)]
フロー,追加,BoxNo:132,希釈剤材料費の単位選択(5層目),-,質問No:123,"CallBox→[希釈剤使用率(5層目), 希釈剤使用率(5層目), 100m2・1回当りの希釈剤使用量(5層目)]"
フロー,追加,BoxNo:133,希釈剤使用率(5層目),-,質問No:124,CallBox→[6層目計上区分]
フロー,追加,BoxNo:134,ペイント標準使用量(プライマ処理)(5層目),-,質問No:114,CallBox→[希釈剤(5層目)]
フロー,追加,BoxNo:135,ペイント(工場塗装)(5層目),-,質問No:111,CallBox→[代価行を規格名へ]
フロー,追加,BoxNo:136,条件選択(5層目),-,質問No:38,"CallBox→[ペイント標準使用量(エアレススプレー塗)(5層目), ペイント標準使用量(エアレススプレー塗)(5層目), ペイント標準使用量(エアレススプレー塗)(5層目)]"
フロー,追加,BoxNo:137,ペイント標準使用量(エアレススプレー塗)(5層目),-,質問No:115,CallBox→[希釈剤(5層目)]
フロー,追加,BoxNo:138,希釈剤使用率(5層目),-,質問No:216,CallBox→[6層目計上区分]
フロー,追加,BoxNo:139,ペイント標準使用量(エアレススプレー塗)(5層目),-,質問No:116,CallBox→[希釈剤(5層目)]
フロー,追加,BoxNo:140,ペイント標準使用量(エアレススプレー塗)(5層目),-,質問No:117,CallBox→[希釈剤(5層目)]
フロー,追加,BoxNo:141,ペイント(工場塗装)(5層目),-,質問No:217,CallBox→[代価行を規格名へ]
フロー,追加,BoxNo:142,条件選択(5層目),-,質問No:39,"CallBox→[ペイント標準使用量(はけ塗)(5層目), ペイント標準使用量(はけ塗)(5層目), ペイント標準使用量(はけ塗)(5層目)]"
フロー,追加,BoxNo:143,ペイント標準使用量(はけ塗)(5層目),-,質問No:118,CallBox→[希釈剤(5層目)]
フロー,追加,BoxNo:144,ペイント標準使用量(はけ塗)(5層目),-,質問No:119,CallBox→[希釈剤(5層目)]
フロー,追加,BoxNo:145,ペイント標準使用量(はけ塗)(5層目),-,質問No:120,CallBox→[希釈剤(5層目)]
フロー,追加,BoxNo:146,作業区分,-,質問No:218,"CallBox→[ペイント(プライマ処理)(6層目), ペイント(工場塗装)(6層目), ペイント(工場塗装)(6層目)]"
フロー,追加,BoxNo:147,100m2・1回当りのペイント使用量(5層目),-,質問No:121,CallBox→[希釈剤(5層目)]
フロー,追加,BoxNo:148,希釈剤(5層目),-,質問No:219,CallBox→[100m2・1回当りの希釈剤使用量(5層目)]
フロー,追加,BoxNo:149,100m2・1回当りの希釈剤使用量(5層目),-,質問No:125,CallBox→[6層目計上区分]
フロー,追加,BoxNo:150,BoxNo:150,-,質問No:None,CallBox→[100m2・1回当りのペイント使用量(5層目)]
フロー,追加,BoxNo:153,sk5=0,-,質問No:220,CallBox→[sk6=0]
フロー,追加,BoxNo:154,6層目計上区分,-,質問No:126,"CallBox→[作業区分, sk6=0]"
フロー,追加,BoxNo:155,ペイント(プライマ処理)(6層目),-,質問No:127,CallBox→[代価行を規格名へ]
フロー,追加,BoxNo:156,代価行を規格名へ,-,質問No:221,CallBox→[ペイント材料費の単位選択(6層目)]
フロー,追加,BoxNo:157,ペイント材料費の単位選択(6層目),-,質問No:129,"CallBox→[作業区分, BoxNo:180（Sitsumon未定義）]"
フロー,追加,BoxNo:158,作業区分,-,質問No:222,"CallBox→[条件選択(6層目), 条件選択(6層目), 条件選択(6層目)]"
フロー,追加,BoxNo:159,条件選択(6層目),-,質問No:43,"CallBox→[ペイント標準使用量(プライマ処理)(6層目), ペイント標準使用量(プライマ処理)(6層目)]"
フロー,追加,BoxNo:160,ペイント標準使用量(プライマ処理)(6層目),-,質問No:130,CallBox→[希釈剤(6層目)]
フロー,追加,BoxNo:161,希釈剤(6層目),-,質問No:139,CallBox→[希釈剤材料費の単位選択(6層目)]
フロー,追加,BoxNo:162,希釈剤材料費の単位選択(6層目),-,質問No:140,"CallBox→[希釈剤使用率(6層目), 希釈剤使用率(6層目), 100m2・1回当りの希釈剤使用量(6層目)]"
フロー,追加,BoxNo:163,希釈剤使用率(6層目),-,質問No:141,CallBox→[終点]
フロー,追加,BoxNo:164,ペイント標準使用量(プライマ処理)(6層目),-,質問No:131,CallBox→[希釈剤(6層目)]
フロー,追加,BoxNo:165,ペイント(工場塗装)(6層目),-,質問No:128,CallBox→[代価行を規格名へ]
フロー,追加,BoxNo:166,条件選択(6層目),-,質問No:41,"CallBox→[ペイント標準使用量(エアレススプレー塗)(6層目), ペイント標準使用量(エアレススプレー塗)(6層目), ペイント標準使用量(エアレススプレー塗)(6層目)]"
フロー,追加,BoxNo:167,ペイント標準使用量(エアレススプレー塗)(6層目),-,質問No:132,CallBox→[希釈剤(6層目)]
フロー,追加,BoxNo:168,希釈剤使用率(6層目),-,質問No:223,CallBox→[終点]
フロー,追加,BoxNo:169,ペイント標準使用量(エアレススプレー塗)(6層目),-,質問No:133,CallBox→[希釈剤(6層目)]
フロー,追加,BoxNo:170,ペイント標準使用量(エアレススプレー塗)(6層目),-,質問No:134,CallBox→[希釈剤(6層目)]
フロー,追加,BoxNo:171,ペイント(工場塗装)(6層目),-,質問No:224,CallBox→[代価行を規格名へ]
フロー,追加,BoxNo:172,条件選択(6層目),-,質問No:42,"CallBox→[ペイント標準使用量(はけ塗)(6層目), ペイント標準使用量(はけ塗)(6層目), ペイント標準使用量(はけ塗)(6層目)]"
フロー,追加,BoxNo:173,ペイント標準使用量(はけ塗)(6層目),-,質問No:135,CallBox→[希釈剤(6層目)]
フロー,追加,BoxNo:174,ペイント標準使用量(はけ塗)(6層目),-,質問No:136,CallBox→[希釈剤(6層目)]
フロー,追加,BoxNo:175,ペイント標準使用量(はけ塗)(6層目),-,質問No:137,CallBox→[希釈剤(6層目)]
フロー,追加,BoxNo:176,終点,-,質問No:225,
フロー,追加,BoxNo:177,100m2・1回当りのペイント使用量(6層目),-,質問No:138,CallBox→[希釈剤(6層目)]
フロー,追加,BoxNo:178,希釈剤(6層目),-,質問No:226,CallBox→[100m2・1回当りの希釈剤使用量(6層目)]
フロー,追加,BoxNo:179,100m2・1回当りの希釈剤使用量(6層目),-,質問No:142,CallBox→[終点]
フロー,追加,BoxNo:180,BoxNo:180,-,質問No:None,CallBox→[100m2・1回当りのペイント使用量(6層目)]
フロー,追加,BoxNo:183,sk6=0,-,質問No:227,CallBox→[BoxNo:34（Sitsumon未定義）]
フロー,追加,BoxNo:185,sk1=0,-,質問No:228,CallBox→[BoxNo:3（Sitsumon未定義）]
