テストID,テスト区分,日当り作業量補正(道路維持等作業効率低下),日当り作業量補正(被災地),日当り施工量,期待:S1,選択肢の適切さ確認
TC-001,差分,無,無,Row4,0.705467372134038800705467372,"日当り作業量補正(被災地)(2026年新規追加)
・「無」と表示されているが、外部設計と正しいか
・日当り作業量補正(被災地) に規格名計上選択がありますが、意図通りの場所に正しく計上されているか
日当り施工量(選択肢追加)
・「Row4」と表示されているが、外部設計と正しいか
・日当り施工量 に規格名計上選択がありますが、意図通りの場所に正しく計上されているか"
TC-002,差分,無,有,Row4,0.705467372134038800705467372,"日当り作業量補正(被災地)(2026年新規追加)
・「有」と表示されているが、外部設計と正しいか
・日当り作業量補正(被災地) に規格名計上選択がありますが、意図通りの場所に正しく計上されているか
日当り施工量(選択肢追加)
・「Row4」と表示されているが、外部設計と正しいか
・日当り施工量 に規格名計上選択がありますが、意図通りの場所に正しく計上されているか"
