テストID,テスト区分,日当り作業量補正(道路維持等作業効率低下),作業区分,側溝規格,内径又は内空幅(mm),基礎砕石の有無,(バックホウ 山積0.28m3)賃料長期割引の適用,側溝材料の単位選択,1個当り側溝長さ,選択肢の適切さ確認,規格名計上
TC-001,差分,1,据付,各種,200mm以上300mm以下,有り,長期割引あり,「個」単位の材料単価,任意,"側溝規格(選択肢追加)
・「各種」と表示されているが、外部設計と正しいか
内径又は内空幅(mm)(追加選択肢経由の新規到達・全選択肢網羅)
・「200mm以上300mm以下」と表示されているが、外部設計と正しいか",・内径又は内空幅(mm) の規格名計上が意図通りの場所に正しく計上されているか
TC-002,差分,1,据付,各種,300mmを超え400mm以下,有り,長期割引あり,「個」単位の材料単価,任意,"側溝規格(選択肢追加)
・「各種」と表示されているが、外部設計と正しいか
内径又は内空幅(mm)(追加選択肢経由の新規到達・全選択肢網羅)
・「300mmを超え400mm以下」と表示されているが、外部設計と正しいか",・内径又は内空幅(mm) の規格名計上が意図通りの場所に正しく計上されているか
TC-003,差分,1,据付,各種,400mmを超え600mm以下,有り,-,「個」単位の材料単価,任意,"側溝規格(選択肢追加)
・「各種」と表示されているが、外部設計と正しいか
内径又は内空幅(mm)(追加選択肢経由の新規到達・全選択肢網羅)
・「400mmを超え600mm以下」と表示されているが、外部設計と正しいか",・内径又は内空幅(mm) の規格名計上が意図通りの場所に正しく計上されているか
