テストID,テスト区分,桁区分,歩掛(プレテンションT桁、ポストテンション桁(床版桁除く),資材計上区分,埋設型枠計上区分,10m3当りの埋設型枠使用数量,10m3当りの埋設型枠端部使用数量,生コンクリート小型車割増額の計上(固定),生コンクリート冬期加熱費計上区分(標準=なし)(固定),打設方法,期待:S10,期待:S11,期待:S4,期待:S5,期待:S12,期待:S13,期待:S6,期待:S8,期待:S9,期待:S7,選択肢の適切さ確認,規格名計上
TC-001,差分,プレテンションT桁、ポストテンション桁(床版桁を除く),有,材料費+施工費,-,-,-,計上しない,計上しない,ブーム打設,2.9,,9.3,9.1,計算結果が正しいか,計算結果が正しいか,10.5,,,6,"桁区分(選択肢文字修正)
・「プレテンションT桁、ポストテンション桁(床版桁を除く)」と表示されているが、外部設計と正しいか
・文字修正後の選択肢を選んだとき、代価行・数量・単価が積算基準および設計書どおりであること（文字だけの修正か、内容の変更かを確認）
・追加された代価表行と数量(数率)が外部設計に沿っているか
・質問名「歩掛(プレテンションT桁、ポストテンション桁(床版桁除く)」と表示されているが、外部設計と正しいか(文字修正)",-
TC-002,差分,プレテンションT桁、ポストテンション桁(床版桁を除く),有,施工費のみ,-,-,-,-,-,ブーム打設,2.9,,9.3,9.1,計算結果が正しいか,計算結果が正しいか,計算結果が正しいか,1.5,計算結果が正しいか,6,"桁区分(選択肢文字修正)
・「プレテンションT桁、ポストテンション桁(床版桁を除く)」と表示されているが、外部設計と正しいか
・文字修正後の選択肢を選んだとき、代価行・数量・単価が積算基準および設計書どおりであること（文字だけの修正か、内容の変更かを確認）
・追加された代価表行と数量(数率)が外部設計に沿っているか
・質問名「歩掛(プレテンションT桁、ポストテンション桁(床版桁除く)」と表示されているが、外部設計と正しいか(文字修正)",-
TC-003,差分,プレテンション床版桁、ポストテンション床版桁,-,材料費+施工費,計上しない,-,-,計上しない,計上しない,ブーム打設,1.4,,計算結果が正しいか,1.6,計算結果が正しいか,計算結果が正しいか,10.5,,,8,"桁区分(選択肢文字修正)
・「プレテンション床版桁、ポストテンション床版桁」と表示されているが、外部設計と正しいか
・文字修正後の選択肢を選んだとき、代価行・数量・単価が積算基準および設計書どおりであること（文字だけの修正か、内容の変更かを確認）
埋設型枠計上区分(選択肢追加)
・「計上しない」と表示されているが、外部設計と正しいか
・追加された代価表行と数量(数率)が外部設計に沿っているか
・質問名「歩掛(プレテンション床版桁、ポストテンション床版桁)」と表示されているが、外部設計と正しいか(文字修正)",-
TC-004,差分,プレテンション床版桁、ポストテンション床版桁,-,材料費+施工費,計上する,任意,任意,計上しない,計上しない,ブーム打設,1.4,,計算結果が正しいか,1.6,計算結果が正しいか,計算結果が正しいか,10.5,,,8,"桁区分(選択肢文字修正)
・「プレテンション床版桁、ポストテンション床版桁」と表示されているが、外部設計と正しいか
・文字修正後の選択肢を選んだとき、代価行・数量・単価が積算基準および設計書どおりであること（文字だけの修正か、内容の変更かを確認）
埋設型枠計上区分(選択肢追加)
・「計上する」と表示されているが、外部設計と正しいか
10m3当りの埋設型枠使用数量(選択肢削除)
・10m3当りの埋設型枠使用数量（表示される質問）が外部設計と正しいか
・削除された選択肢(1)が表示されないこと
10m3当りの埋設型枠端部使用数量(選択肢削除)
・10m3当りの埋設型枠端部使用数量（表示される質問）が外部設計と正しいか
・削除された選択肢(0)が表示されないこと
・追加された代価表行と数量(数率)が外部設計に沿っているか
・質問名「歩掛(プレテンション床版桁、ポストテンション床版桁)」と表示されているが、外部設計と正しいか(文字修正)",-
TC-005,回帰,プレテンション床版桁、ポストテンション床版桁,-,材料費+施工費,計上する,任意,任意,計上しない,計上しない,ブーム打設,1.4,,計算結果が正しいか,1.6,計算結果が正しいか,計算結果が正しいか,10.5,,,8,"桁区分(選択肢文字修正)
・「プレテンション床版桁、ポストテンション床版桁」と表示されているが、外部設計と正しいか
・文字修正後の選択肢を選んだとき、代価行・数量・単価が積算基準および設計書どおりであること（文字だけの修正か、内容の変更かを確認）
埋設型枠計上区分(選択肢追加)
・「計上する」と表示されているが、外部設計と正しいか
10m3当りの埋設型枠使用数量(選択肢削除)
・10m3当りの埋設型枠使用数量（表示される質問）が外部設計と正しいか
・削除された選択肢(1)が表示されないこと
10m3当りの埋設型枠端部使用数量(選択肢削除)
・10m3当りの埋設型枠端部使用数量（表示される質問）が外部設計と正しいか
・削除された選択肢(0)が表示されないこと
・資材計上区分 を切り替えた後、最初の選択肢に戻したとき、計算結果が初期状態と一致すること(状態戻し回帰)
・追加された代価表行と数量(数率)が外部設計に沿っているか
・質問名「歩掛(プレテンション床版桁、ポストテンション床版桁)」と表示されているが、外部設計と正しいか(文字修正)",-
