テストID,テスト区分,代価表の当り数量(固定),作業区分,資材計上区分,ブロック使用材料,敷材料計上区分(固定),敷材料の種類,敷材料の厚さ,施工規模による加算,時間的制約を受ける場合の補正,夜間作業補正,市場単価の補正方法,市場単価の日当り施工量補正有無(固定),選択肢の適切さ確認
TC-001,差分,100,直線配置・ブロック厚6cm,計上する,標準品,計上する,再生砂,任意,100m2以上,無,無,単価欄に対して補正計算を行う,有 (積算基準記載の標準値に対して市場単価の加算率・補正係数を乗ずる),"敷材料の種類(選択肢削除)
・「再生砂」と表示されているが、外部設計と正しいか
・削除された選択肢(空練りモルタル(普通)、空練りモルタル(高炉))が表示されないこと"
TC-002,差分,100,直線配置・ブロック厚6cm,計上する,標準品,計上する,砂(クッション用),任意,100m2以上,無,無,単価欄に対して補正計算を行う,有 (積算基準記載の標準値に対して市場単価の加算率・補正係数を乗ずる),"敷材料の種類(選択肢削除)
・「砂(クッション用)」と表示されているが、外部設計と正しいか
・削除された選択肢(空練りモルタル(普通)、空練りモルタル(高炉))が表示されないこと"
TC-003,差分,100,直線配置・ブロック厚6cm,計上する,標準品,計上する,敷材料無し,-,100m2以上,無,無,単価欄に対して補正計算を行う,有 (積算基準記載の標準値に対して市場単価の加算率・補正係数を乗ずる),"敷材料の種類(選択肢削除)
・「敷材料無し」と表示されているが、外部設計と正しいか
・削除された選択肢(空練りモルタル(普通)、空練りモルタル(高炉))が表示されないこと"
TC-004,差分,100,直線配置・ブロック厚6cm,計上しない,-,計上する,再生砂,任意,100m2以上,無,無,単価欄に対して補正計算を行う,有 (積算基準記載の標準値に対して市場単価の加算率・補正係数を乗ずる),"敷材料の種類(選択肢削除)
・「再生砂」と表示されているが、外部設計と正しいか
・削除された選択肢(空練りモルタル(普通)、空練りモルタル(高炉))が表示されないこと"
TC-005,差分,100,直線配置・ブロック厚6cm,計上しない,-,計上する,砂(クッション用),任意,100m2以上,無,無,単価欄に対して補正計算を行う,有 (積算基準記載の標準値に対して市場単価の加算率・補正係数を乗ずる),"敷材料の種類(選択肢削除)
・「砂(クッション用)」と表示されているが、外部設計と正しいか
・削除された選択肢(空練りモルタル(普通)、空練りモルタル(高炉))が表示されないこと"
TC-006,差分,100,直線配置・ブロック厚6cm,計上しない,-,計上する,敷材料無し,-,100m2以上,無,無,単価欄に対して補正計算を行う,有 (積算基準記載の標準値に対して市場単価の加算率・補正係数を乗ずる),"敷材料の種類(選択肢削除)
・「敷材料無し」と表示されているが、外部設計と正しいか
・削除された選択肢(空練りモルタル(普通)、空練りモルタル(高炉))が表示されないこと"
TC-007,回帰,100,直線配置・ブロック厚6cm,計上する,標準品,計上する,敷材料無し,-,100m2以上,無,無,単価欄に対して補正計算を行う,有 (積算基準記載の標準値に対して市場単価の加算率・補正係数を乗ずる),"敷材料の種類(選択肢削除)
・「敷材料無し」と表示されているが、外部設計と正しいか
・削除された選択肢(空練りモルタル(普通)、空練りモルタル(高炉))が表示されないこと
・資材計上区分 を切り替えた後、最初の選択肢に戻したとき、計算結果が初期状態と一致すること(状態戻し回帰)"
