id,mode,baseline一致,TC行数,列数,上限エラー,列マッチ/新規/削除ログ,所要秒,エラー
00_32-4527_裏込砕石工,base,YES,2,10,,"新規列: (超低・後方バックホウ)排ガス機械の選択 選択肢=['排ガス対策型(第3次基準値)', '排ガス対策型(2014年規制)']",0.4,
00_32-4527_裏込砕石工,V1,YES,2,10,,"新規列: (超低・後方バックホウ)排ガス機械の選択 選択肢=['排ガス対策型(第3次基準値)', '排ガス対策型(2014年規制)']",0.4,
00_32-4527_裏込砕石工,V2,YES,2,10,,"新規列: (超低・後方バックホウ)排ガス機械の選択 選択肢=['排ガス対策型(第3次基準値)', '排ガス対策型(2014年規制)']",0.4,
01_619040_回航費-旅費等,base,YES,1,14,,,1.5,
01_619040_回航費-旅費等,V1,YES,1,14,,,1.8,
01_619040_回航費-旅費等,V2,YES,1,14,,,1.9,
02_605773_大型ブレーカ,base,YES,1,15,,,8.2,
02_605773_大型ブレーカ,V1,YES,1,15,,,5.2,
02_605773_大型ブレーカ,V2,YES,1,15,,,6.0,
03_607674_送気用設備運転費,base,YES,1,12,,"新規列: 運転日数 選択肢=['(実数入力)', '(日)']",0.3,
03_607674_送気用設備運転費,V1,YES,1,12,,"新規列: 運転日数 選択肢=['(実数入力)', '(日)']",0.2,
03_607674_送気用設備運転費,V2,YES,1,12,,"新規列: 運転日数 選択肢=['(実数入力)', '(日)']",0.3,
04_607092_下地処理工(復興係数),base,YES,1,7,,新規列: 日当り施工量 選択肢=['630'],0.1,
04_607092_下地処理工(復興係数),V1,YES,1,7,,新規列: 日当り施工量 選択肢=['630'],0.1,
04_607092_下地処理工(復興係数),V2,YES,1,7,,新規列: 日当り施工量 選択肢=['630'],0.2,
05_605171_掘削等,base,YES,3,17,,"新規列: 吹付プラント設備 選択肢=['一括練混ぜ', '分割練混ぜ'] / 新規列: (コンクリート吹付機)排ガス機械の選択 選択肢=['排ガス対策型(第1次基準値)', '排ガス対策型(第2次基準値)']",1.7,
05_605171_掘削等,V1,YES,3,17,,"新規列: 吹付プラント設備 選択肢=['一括練混ぜ', '分割練混ぜ'] / 新規列: (コンクリート吹付機)排ガス機械の選択 選択肢=['排ガス対策型(第1次基準値)', '排ガス対策型(第2次基準値)']",1.6,
05_605171_掘削等,V2,YES,3,17,,"新規列: 吹付プラント設備 選択肢=['一括練混ぜ', '分割練混ぜ'] / 新規列: (コンクリート吹付機)排ガス機械の選択 選択肢=['排ガス対策型(第1次基準値)', '排ガス対策型(第2次基準値)']",1.7,
06_606964_土のう積工,base,YES,5,10,,"新規列: 土のう種類 選択肢=['普通', '耐候性']",0.3,
06_606964_土のう積工,V1,YES,5,10,,"新規列: 土のう種類 選択肢=['普通', '耐候性']",0.2,
06_606964_土のう積工,V2,no,9,10,,"新規列: 土のう種類 選択肢=['普通', '耐候性']",0.3,
07_608358_インターロッキングブロック工,base,YES,4,17,,"削除列: 空練りモルタル材料計上区分 選択肢=['混練り済材料費を計上', '砂とセメントを別々に計上']",25.5,
07_608358_インターロッキングブロック工,V1,YES,4,17,,"削除列: 空練りモルタル材料計上区分 選択肢=['混練り済材料費を計上', '砂とセメントを別々に計上']",23.2,
07_608358_インターロッキングブロック工,V2,YES,4,17,,"削除列: 空練りモルタル材料計上区分 選択肢=['混練り済材料費を計上', '砂とセメントを別々に計上']",21.0,
11_622069_ICT建設機械経費加算額(小規模土工),base,YES,2,7,,,0.1,
11_622069_ICT建設機械経費加算額(小規模土工),V1,YES,2,7,,,0.1,
11_622069_ICT建設機械経費加算額(小規模土工),V2,no,2,7,,,0.1,
12_619272_重建設機械分解組立,base,YES,3,14,,,1.8,
12_619272_重建設機械分解組立,V1,YES,3,14,,,2.0,
12_619272_重建設機械分解組立,V2,no,19,15,,,2.7,
09_619550_養生マット(材料費)【施工P】,base,YES,6,8,,"新規列: 養生マット規格 選択肢=['合成不織布系 厚さ3mm', 'ウレタンフォーム系 厚さ10mm', '各種'] / 新規列: 養生マット材料の単位選択 選択肢=['「m2」単位の材料単価', '「m2」単位以外の材料単価'] / 新規列: 1m2当り養生マット使用量 選択肢=['(実数入力)']",0.1,
09_619550_養生マット(材料費)【施工P】,V1,YES,6,8,,"新規列: 養生マット規格 選択肢=['合成不織布系 厚さ3mm', 'ウレタンフォーム系 厚さ10mm', '各種'] / 新規列: 養生マット材料の単位選択 選択肢=['「m2」単位の材料単価', '「m2」単位以外の材料単価'] / 新規列: 1m2当り養生マット使用量 選択肢=['(実数入力)']",0.1,
09_619550_養生マット(材料費)【施工P】,V2,YES,6,8,,"新規列: 養生マット規格 選択肢=['合成不織布系 厚さ3mm', 'ウレタンフォーム系 厚さ10mm', '各種'] / 新規列: 養生マット材料の単位選択 選択肢=['「m2」単位の材料単価', '「m2」単位以外の材料単価'] / 新規列: 1m2当り養生マット使用量 選択肢=['(実数入力)']",0.1,
13_622072_MC・MGバックホウ技術(ほ場整備整地工),base,YES,1,8,,,0.1,
13_622072_MC・MGバックホウ技術(ほ場整備整地工),V1,no,1,8,,"新規列: 1日当りのMC/MGバックホウ技術機械経費加算額 選択肢=['(実数入力)', '(円/日)'] / 削除列: 1日当りのMC/MGバックホウ技術機械経費 選択肢=['(実数入力)', '(円/日)'] / 【削除条件の列をTCから除去】['1日当りのMC/MGバックホウ技術機械経費']",0.0,
13_622072_MC・MGバックホウ技術(ほ場整備整地工),V2,no,1,8,,"新規列: 1日当りのMC/MGバックホウ技術機械経費加算額 選択肢=['(実数入力)', '(円/日)'] / 削除列: 1日当りのMC/MGバックホウ技術機械経費 選択肢=['(実数入力)', '(円/日)'] / 【削除条件の列をTCから除去】['1日当りのMC/MGバックホウ技術機械経費']",0.1,
15_619893_プレビーム桁架設工(一式当り),base,YES,1,23,,,1.0,
15_619893_プレビーム桁架設工(一式当り),V1,YES,1,23,,,1.4,
15_619893_プレビーム桁架設工(一式当り),V2,YES,1,23,,,1.6,
20_621241_ため池堤体盛立工,base,YES,1,6,,,0.1,
20_621241_ため池堤体盛立工,V1,YES,1,6,,,0.1,
20_621241_ため池堤体盛立工,V2,YES,1,6,,,0.1,
21_623816_管(函)渠型側溝,base,YES,7,13,,,0.5,
21_623816_管(函)渠型側溝,V1,YES,7,13,,,0.5,
21_623816_管(函)渠型側溝,V2,YES,7,13,,,0.4,
22_605866_路上路盤再生工,base,YES,8,18,,"新規列: (スタビライザ)排ガス機械の選択 選択肢=['排ガス対策型(第3次基準値)'] / 新規列: (タイヤローラ)排ガス機械の選択 選択肢=['排ガス対策型(2014年規制)'] / 新規列: (振動ローラ)排ガス機械の選択 選択肢=['排ガス未対策型', '排ガス対策型(第1次基準値)', '排ガス対策型(第2次基準値)', '排ガス対策型 / 削除列: 砂の散布 選択肢=['有', '無'] / 削除列: 砂使用量 選択肢=['(実数入力)'] / 【削除条件の列をTCから除去】['砂の散布', '砂使用量']",0.5,
22_605866_路上路盤再生工,V1,YES,8,18,,"新規列: (スタビライザ)排ガス機械の選択 選択肢=['排ガス対策型(第3次基準値)'] / 新規列: (タイヤローラ)排ガス機械の選択 選択肢=['排ガス対策型(2014年規制)'] / 新規列: (振動ローラ)排ガス機械の選択 選択肢=['排ガス未対策型', '排ガス対策型(第1次基準値)', '排ガス対策型(第2次基準値)', '排ガス対策型 / 削除列: 砂の散布 選択肢=['有', '無'] / 削除列: 砂使用量 選択肢=['(実数入力)'] / 【削除条件の列をTCから除去】['砂の散布', '砂使用量']",0.5,
22_605866_路上路盤再生工,V2,no,8,18,,"新規列: (スタビライザ)排ガス機械の選択 選択肢=['排ガス対策型(第3次基準値)'] / 新規列: (タイヤローラ)排ガス機械の選択 選択肢=['排ガス対策型(2014年規制)'] / 新規列: (振動ローラ)排ガス機械の選択 選択肢=['排ガス未対策型', '排ガス対策型(第1次基準値)', '排ガス対策型(第2次基準値)', '排ガス対策型 / 削除列: 砂の散布 選択肢=['有', '無'] / 削除列: 砂使用量 選択肢=['(実数入力)'] / 【削除条件の列をTCから除去】['砂の散布', '砂使用量']",0.5,
23_613208_輸送費(仮設材)【運用】,base,YES,1,14,,,28.8,
23_613208_輸送費(仮設材)【運用】,V1,YES,1,14,,,20.8,
23_613208_輸送費(仮設材)【運用】,V2,YES,1,14,,,15.6,
25_605704_現場打ち水路（本体）,base,YES,1,11,,"削除列: 鉄筋工の労務補正 選択肢=['標準(1.0)', '時間的制約を受ける場合(1.10)', '夜間作業の場合(1.25)', '夜間作業及び時間的制約 / 削除列: 鉄筋の単位選択 選択肢=['「t」単位の材料単価', '「kg」単位の材料単価']",0.6,
25_605704_現場打ち水路（本体）,V1,YES,1,11,,"削除列: 鉄筋工の労務補正 選択肢=['標準(1.0)', '時間的制約を受ける場合(1.10)', '夜間作業の場合(1.25)', '夜間作業及び時間的制約 / 削除列: 鉄筋の単位選択 選択肢=['「t」単位の材料単価', '「kg」単位の材料単価']",0.6,
25_605704_現場打ち水路（本体）,V2,YES,1,11,,"削除列: 鉄筋工の労務補正 選択肢=['標準(1.0)', '時間的制約を受ける場合(1.10)', '夜間作業の場合(1.25)', '夜間作業及び時間的制約 / 削除列: 鉄筋の単位選択 選択肢=['「t」単位の材料単価', '「kg」単位の材料単価']",0.5,
26_613462_ｺﾝｸﾘｰﾄ舗装版の目地工 (PAV48Y),base,YES,3,13,,,0.2,
26_613462_ｺﾝｸﾘｰﾄ舗装版の目地工 (PAV48Y),V1,YES,3,13,,,0.2,
26_613462_ｺﾝｸﾘｰﾄ舗装版の目地工 (PAV48Y),V2,YES,3,13,,,0.2,
27_605392_横組ｺﾝｸﾘｰﾄ工【SP3】,base,YES,6,15,,"新規列: 埋設型枠計上区分 選択肢=['計上する', '計上しない'] / 新規列: 10m3当りの埋設型枠使用数量 選択肢=['(実数入力)', '(ｍ)'] / 新規列: 10m3当りの埋設型枠端部使用数量 選択肢=['(実数入力)', '(個)']",1.5,
27_605392_横組ｺﾝｸﾘｰﾄ工【SP3】,V1,no,11,16,,"新規列: 歩掛(プレテンション床版桁、ポストテンション床版桁) 選択肢=['有', '無'] / 新規列: 歩掛(プレテンションT桁、ポストテンション桁(床版桁除く) 選択肢=['有', '無'] / 新規列: 埋設型枠計上区分 選択肢=['計上する', '計上しない'] / 新規列: 10m3当りの埋設型枠使用数量 選択肢=['(実数入力)', '(ｍ)'] / 新規列: 10m3当りの埋設型枠端部使用数量 選択肢=['(実数入力)', '(個)'] / 削除列: 歩掛(プレテンションT桁、ポストテンション桁) 選択肢=['有', '無'] / 削除列: 歩掛(プレテンション床版桁) 選択肢=['有', '無'] / 【削除条件の列をTCから除去】['歩掛(プレテンションT桁、ポストテンション桁)']",1.5,
27_605392_横組ｺﾝｸﾘｰﾄ工【SP3】,V2,no,17,16,,"新規列: 歩掛(プレテンション床版桁、ポストテンション床版桁) 選択肢=['有', '無'] / 新規列: 歩掛(プレテンションT桁、ポストテンション桁(床版桁除く) 選択肢=['有', '無'] / 新規列: 埋設型枠計上区分 選択肢=['計上する', '計上しない'] / 新規列: 10m3当りの埋設型枠使用数量 選択肢=['(実数入力)', '(ｍ)'] / 新規列: 10m3当りの埋設型枠端部使用数量 選択肢=['(実数入力)', '(個)'] / 削除列: 歩掛(プレテンションT桁、ポストテンション桁) 選択肢=['有', '無'] / 削除列: 歩掛(プレテンション床版桁) 選択肢=['有', '無'] / 【削除条件の列をTCから除去】['歩掛(プレテンションT桁、ポストテンション桁)', '歩掛(プレテンション床版桁)']",1.5,
28_605395_PC板仮置工【SP3→1】,base,YES,1,7,,,0.1,
28_605395_PC板仮置工【SP3→1】,V1,YES,1,7,,,0.1,
28_605395_PC板仮置工【SP3→1】,V2,YES,1,7,,,0.1,
29_605396_PC板敷設工【SP3→1】,base,YES,1,8,,,0.1,
29_605396_PC板敷設工【SP3→1】,V1,YES,1,8,,,0.1,
29_605396_PC板敷設工【SP3→1】,V2,YES,1,8,,,0.2,
30_606472_型枠工(覆工ｺﾝｸﾘｰﾄ)【SP2】,base,YES,1,9,,,0.1,
30_606472_型枠工(覆工ｺﾝｸﾘｰﾄ)【SP2】,V1,YES,1,9,,,0.1,
30_606472_型枠工(覆工ｺﾝｸﾘｰﾄ)【SP2】,V2,no,2,9,,,0.1,
34_607150_D-157-1 反転･引込工,base,YES,1,7,,,0.2,
34_607150_D-157-1 反転･引込工,V1,YES,1,7,,,0.1,
34_607150_D-157-1 反転･引込工,V2,YES,1,7,,,0.1,
35_602786_〈E-17-3〉ﾓﾙﾀﾙ上塗工 (DGD10740),base,YES,1,10,,,0.1,
35_602786_〈E-17-3〉ﾓﾙﾀﾙ上塗工 (DGD10740),V1,YES,1,10,,,0.1,
35_602786_〈E-17-3〉ﾓﾙﾀﾙ上塗工 (DGD10740),V2,YES,1,10,,,0.1,
24_608943_表層（歩道部） 【被災地対応(As工)】,base,YES,2,13,,,1.6,
24_608943_表層（歩道部） 【被災地対応(As工)】,V1,YES,2,13,,,1.4,
24_608943_表層（歩道部） 【被災地対応(As工)】,V2,no,2,13,,,1.3,
36_606689_床版補強等足場(吊足場･朝顔･中段足場)ﾀｲﾌﾟA1~A4､,base,YES,1,14,,,0.2,
36_606689_床版補強等足場(吊足場･朝顔･中段足場)ﾀｲﾌﾟA1~A4､,V1,YES,1,14,,,0.2,
36_606689_床版補強等足場(吊足場･朝顔･中段足場)ﾀｲﾌﾟA1~A4､,V2,YES,1,14,,,0.2,
37_602598_ｼｰﾘﾝｸﾞ,base,YES,1,8,,,0.2,
37_602598_ｼｰﾘﾝｸﾞ,V1,YES,1,8,,,0.2,
37_602598_ｼｰﾘﾝｸﾞ,V2,YES,1,8,,,0.2,
38_603592_波付硬質合成樹脂管(FEP)敷設(WE110500) 【条件,base,YES,1,12,,,0.1,
38_603592_波付硬質合成樹脂管(FEP)敷設(WE110500) 【条件,V1,YES,1,12,,,0.1,
38_603592_波付硬質合成樹脂管(FEP)敷設(WE110500) 【条件,V2,YES,1,12,,,0.1,
40_615380_小型不整地運搬車運搬,base,YES,1,11,,,0.9,
40_615380_小型不整地運搬車運搬,V1,YES,1,11,,,0.9,
40_615380_小型不整地運搬車運搬,V2,YES,1,11,,,0.9,
41_614691_既製ｺﾝｸﾘｰﾄ杭打工(打撃打止め)【鉄筋工旧年度反映】,base,YES,1,14,,,1.8,
41_614691_既製ｺﾝｸﾘｰﾄ杭打工(打撃打止め)【鉄筋工旧年度反映】,V1,YES,1,14,,,1.7,
41_614691_既製ｺﾝｸﾘｰﾄ杭打工(打撃打止め)【鉄筋工旧年度反映】,V2,YES,1,14,,,1.8,
42_606671_解析等調査業務費(発破法及びｽﾀｯｷﾝｸﾞ法),base,YES,1,12,,,0.2,
42_606671_解析等調査業務費(発破法及びｽﾀｯｷﾝｸﾞ法),V1,YES,1,12,,,0.2,
42_606671_解析等調査業務費(発破法及びｽﾀｯｷﾝｸﾞ法),V2,YES,1,12,,,0.2,
43_610827_捨石本均し･荒均し(水中)､捨石本均し･荒均し(陸上) 【潜,base,YES,1,17,,,5.2,
43_610827_捨石本均し･荒均し(水中)､捨石本均し･荒均し(陸上) 【潜,V1,YES,1,17,,,4.8,
43_610827_捨石本均し･荒均し(水中)､捨石本均し･荒均し(陸上) 【潜,V2,YES,1,17,,,5.1,
44_610837_ﾌﾞﾛｯｸ転置 【潜水士船】,base,YES,1,13,,,1.7,
44_610837_ﾌﾞﾛｯｸ転置 【潜水士船】,V1,YES,1,13,,,1.6,
44_610837_ﾌﾞﾛｯｸ転置 【潜水士船】,V2,YES,1,13,,,1.7,
45_610838_ﾌﾞﾛｯｸ据付(1ｽｲﾝｸﾞ) 【潜水士船】,base,YES,1,14,,,1.3,
45_610838_ﾌﾞﾛｯｸ据付(1ｽｲﾝｸﾞ) 【潜水士船】,V1,YES,1,14,,,1.3,
45_610838_ﾌﾞﾛｯｸ据付(1ｽｲﾝｸﾞ) 【潜水士船】,V2,YES,1,14,,,1.4,
