テストID,テスト区分,桁区分,歩掛(プレテンションT桁、ポストテンション桁(床版桁除く),資材計上区分,埋設型枠計上区分,生コンクリート小型車割増額の計上(固定),生コンクリート冬期加熱費計上区分(標準=なし)(固定),打設方法,10m3当りの埋設型枠使用数量,10m3当りの埋設型枠端部使用数量,代価表行と数量(数率),選択肢の適切さ確認,規格名計上
TC-001,差分,プレテンションT桁、ポストテンション桁(床版桁を除く),有,材料費+施工費,-,計上しない,計上しない,ブーム打設,-,-,"積算基準および設計書通りの代価行と数量が計上されていること
※ただし計上区分の切り替えによる代価行変動がある場合は、設計者が追記すること","桁区分(選択肢文字修正)
・「プレテンションT桁、ポストテンション桁(床版桁を除く)」と表示されているが、Gaia条件と一致しているか
・質問名「歩掛(プレテンションT桁、ポストテンション桁(床版桁除く)」と表示されているが、Gaia条件と一致しているか(文字修正)",-
TC-002,差分,プレテンションT桁、ポストテンション桁(床版桁を除く),有,施工費のみ,-,-,-,ブーム打設,-,-,〃,"桁区分(選択肢文字修正)
・「プレテンションT桁、ポストテンション桁(床版桁を除く)」と表示されているが、Gaia条件と一致しているか
・質問名「歩掛(プレテンションT桁、ポストテンション桁(床版桁除く)」と表示されているが、Gaia条件と一致しているか(文字修正)",-
TC-003,差分,プレテンション床版桁、ポストテンション床版桁,-,材料費+施工費,計上する,計上しない,計上しない,ブーム打設,任意,任意,〃,"桁区分(選択肢文字修正)
・「プレテンション床版桁、ポストテンション床版桁」と表示されているが、Gaia条件と一致しているか
・質問名「歩掛(プレテンション床版桁、ポストテンション床版桁)」と表示されているが、Gaia条件と一致しているか(文字修正)
埋設型枠計上区分(新規追加)
・「計上する」と表示されているが、Gaia条件と一致しているか
10m3当りの埋設型枠使用数量(新規追加)
・「任意」と表示されているが、Gaia条件と一致しているか
10m3当りの埋設型枠端部使用数量(新規追加)
・「任意」と表示されているが、Gaia条件と一致しているか",-
TC-004,差分,プレテンション床版桁、ポストテンション床版桁,-,材料費+施工費,計上しない,計上しない,計上しない,ブーム打設,任意,任意,〃,"桁区分(選択肢文字修正)
・「プレテンション床版桁、ポストテンション床版桁」と表示されているが、Gaia条件と一致しているか
・質問名「歩掛(プレテンション床版桁、ポストテンション床版桁)」と表示されているが、Gaia条件と一致しているか(文字修正)
埋設型枠計上区分(新規追加)
・「計上しない」と表示されているが、Gaia条件と一致しているか
10m3当りの埋設型枠使用数量(新規追加)
・「任意」と表示されているが、Gaia条件と一致しているか
10m3当りの埋設型枠端部使用数量(新規追加)
・「任意」と表示されているが、Gaia条件と一致しているか",-
TC-005,差分,プレテンション床版桁、ポストテンション床版桁,-,施工費のみ,-,-,-,ブーム打設,-,-,〃,"桁区分(選択肢文字修正)
・「プレテンション床版桁、ポストテンション床版桁」と表示されているが、Gaia条件と一致しているか
・質問名「歩掛(プレテンション床版桁、ポストテンション床版桁)」と表示されているが、Gaia条件と一致しているか(文字修正)",-
TC-006,回帰,プレテンションT桁、ポストテンション桁(床版桁を除く),有,施工費のみ,-,-,-,ブーム打設,-,-,〃,"桁区分(選択肢文字修正)
・「プレテンションT桁、ポストテンション桁(床版桁を除く)」と表示されているが、Gaia条件と一致しているか
・桁区分 を切り替えた後、最初の選択肢に戻したとき、計算結果が初期状態と一致すること(状態戻し回帰)
・質問名「歩掛(プレテンションT桁、ポストテンション桁(床版桁除く)」と表示されているが、Gaia条件と一致しているか(文字修正)",-
